{"assets":{"3B0F383281FE77CA3A32C11D9C9AC11F":{"type":"texture","index":11,"assetRequest":{"type":"slide","state":"contents","slide":"none"},"url":{"native":"assets\/C46AAC73-E986-4C23-91EE-DBBCA907059B.pdf"},"width":1024,"height":768},"CA411D0DE7F21825426F9B538B83738B":{"type":"texture","index":5,"assetRequest":{"type":"slide","state":"contents","slide":"none"},"url":{"native":"assets\/C46AAC73-E986-4C23-91EE-DBBCA907059B.pdf"},"width":297,"height":219},"95E2EA7E97EF80F8F52CE5F5AE815F94":{"type":"texture","index":7,"assetRequest":{"type":"slide","state":"contents","slide":"none"},"url":{"native":"assets\/C46AAC73-E986-4C23-91EE-DBBCA907059B.pdf"},"width":265,"height":151},"A63D2142C153B1ECAD11AEB03ACC26FE":{"type":"texture","index":4,"assetRequest":{"type":"slide","state":"contents","slide":"none"},"url":{"native":"assets\/C46AAC73-E986-4C23-91EE-DBBCA907059B.pdf"},"width":345,"height":246},"56796B0406C1887ACFEB53F6B982E078":{"type":"texture","index":2,"assetRequest":{"type":"slide","state":"contents","slide":"none"},"url":{"native":"assets\/C46AAC73-E986-4C23-91EE-DBBCA907059B.pdf"},"width":297,"height":40},"498E23C82CA78A4BCD7BA88E5243B6FC":{"type":"texture","index":0,"assetRequest":{"type":"slide","state":"contents","slide":"none"},"url":{"native":"assets\/C46AAC73-E986-4C23-91EE-DBBCA907059B.pdf"},"width":1024,"height":768},"241155B08CFCC0DC5C39A71DABCCC14B":{"type":"texture","index":10,"assetRequest":{"type":"slide","state":"contents","slide":"none"},"url":{"native":"assets\/C46AAC73-E986-4C23-91EE-DBBCA907059B.pdf"},"width":203,"height":546},"DC35E00BF1258AF75C3ED8EDB33B8379":{"type":"texture","index":9,"assetRequest":{"type":"slide","state":"contents","slide":"none"},"url":{"native":"assets\/C46AAC73-E986-4C23-91EE-DBBCA907059B.pdf"},"width":381,"height":539},"9EF544503F09D0BC843BDE860A597DC7":{"type":"texture","index":1,"assetRequest":{"type":"slide","state":"contents","slide":"none"},"url":{"native":"assets\/C46AAC73-E986-4C23-91EE-DBBCA907059B.pdf"},"width":1046,"height":101},"90A80311939C2070118AB7BD880D5AD3":{"type":"texture","index":6,"assetRequest":{"type":"slide","state":"contents","slide":"none"},"url":{"native":"assets\/C46AAC73-E986-4C23-91EE-DBBCA907059B.pdf"},"width":379,"height":145},"45936D92631C6E59265A33BD0D541BCC":{"type":"texture","index":12,"assetRequest":{"type":"slide","state":"contents","slide":"none"},"url":{"native":"assets\/C46AAC73-E986-4C23-91EE-DBBCA907059B.pdf"},"width":1024,"height":768},"E7268F641E5CC9DD6A84919A5F9802AB":{"type":"texture","index":3,"assetRequest":{"type":"slide","state":"contents","slide":"none"},"url":{"native":"assets\/C46AAC73-E986-4C23-91EE-DBBCA907059B.pdf"},"width":11,"height":15},"52403D220F92CEC8D38CBC511FBB73F5":{"type":"texture","index":8,"assetRequest":{"type":"slide","state":"contents","slide":"none"},"url":{"native":"assets\/C46AAC73-E986-4C23-91EE-DBBCA907059B.pdf"},"width":293,"height":202}},"events":[{"effects":[{"beginTime":0,"baseLayer":{"animations":[],"initialState":{"affineTransform":[1,0,0,1,0,0],"masksToBounds":false,"rotation":0,"scale":1,"position":{"pointX":422.38491821289062,"pointY":227.92604064941406},"width":345,"sublayerTransform":[1,0,0,0,0,1,0,0,0,0,1,0,0,0,0,1],"contentsRect":{"y":0,"x":0,"width":1,"height":1},"opacity":1,"edgeAntialiasingMask":251658240,"height":246,"hidden":false,"anchorPoint":{"pointX":0.5,"pointY":0.5}},"objectID":"7CD5337A-93A7-482B-896C-80E5FBCFFAAC","layers":[{"animations":[],"initialState":{"affineTransform":[1,0,0,1,0,0],"masksToBounds":false,"rotation":0,"scale":1,"position":{"pointX":262.11508178710938,"pointY":279.07395935058594},"width":345,"sublayerTransform":[1,0,0,0,0,1,0,0,0,0,1,-0.00049229876906403734,0,0,0,1],"contentsRect":{"y":0,"x":0,"width":1,"height":1},"opacity":1,"edgeAntialiasingMask":251658240,"height":246,"hidden":false,"anchorPoint":{"pointX":0.75975386025249092,"pointY":1.1344469892300242}},"layers":[{"animations":[{"additive":false,"timeOffset":0,"beginTime":1e-100,"repeatCount":0,"fillMode":"both","duration":1,"autoreverses":false,"animations":[{"repeatCount":0,"removedOnCompletion":true,"from":{"scalar":0},"timingFunction":"EaseInEaseOut","additive":false,"timeOffset":0,"autoreverses":false,"property":"opacity","fillMode":"both","duration":1,"beginTime":0,"to":{"scalar":1}},{"additive":false,"timeOffset":0,"beginTime":0,"from":{"scalar":false},"repeatCount":0,"fillMode":"forwards","duration":1,"autoreverses":false,"property":"hidden","to":{"scalar":false},"removedOnCompletion":true}],"removedOnCompletion":false}],"layers":[],"texturedRectangle":{"isBackgroundTexture":true,"singleTextureOpacity":1,"textureType":5,"textBaseline":0,"textXHeight":0,"isVerticalText":false},"initialState":{"affineTransform":[1,0,0,1,0,0],"masksToBounds":false,"rotation":0,"scale":1,"position":{"pointX":167.61508178710938,"pointY":120.07395935058594},"width":345,"sublayerTransform":[1,0,0,0,0,1,0,0,0,0,1,0,0,0,0,1],"contentsRect":{"y":0,"x":0,"width":1,"height":1},"opacity":1,"edgeAntialiasingMask":0,"height":246,"hidden":true,"anchorPoint":{"pointX":0.5,"pointY":0.5}},"texture":"A63D2142C153B1ECAD11AEB03ACC26FE"}]}]},"effects":[],"duration":1,"type":"buildIn","attributes":{"direction":0},"name":"apple:dissolve","objectID":"7CD5337A-93A7-482B-896C-80E5FBCFFAAC"}],"automaticPlay":true,"hyperlinks":[],"accessibility":[{"text":"Learning as a game","targetRectangle":{"y":14.999999825850949,"x":34.9581298828125,"width":295.31999999999994,"height":39.999983787536621}},{"text":"10¢","targetRectangle":{"y":232.91307067871094,"x":462.6943359375,"width":34.992000000000019,"height":24.199990272521973}},{"text":"5¢","targetRectangle":{"y":180.25682067871094,"x":360.8773193359375,"width":23.327999999999975,"height":24.199990272521973}},{"text":"parking-machine.png","targetRectangle":{"y":100.93507385253906,"x":30.9581298828125,"width":200,"height":543}},{"text":"5¢","targetRectangle":{"y":108.92604064941406,"x":510.6903076171875,"width":23.327999999999975,"height":24.199990272521973}},{"text":"10¢","targetRectangle":{"y":123.25682067871094,"x":348.8773193359375,"width":34.992000000000019,"height":24.199990272521973}},{"text":"parking\\u2028ticket!","targetRectangle":{"y":283.37461853027344,"x":440.30230712890625,"width":75.855999999999995,"height":53.199990272521973}},{"text":"\\u2028 MAT (Minimally Adequate Teacher)\\u2028\\u2028 Sometimes answering an\\u2028 equivalence query is not practical:\\u2028 if Teacher knew A0, he could pass\\u2028 this information directly to Learner,\\u2028 so why bothering querying?\\u2028\\u2028 Equivalence queries can however\\u2028 be approximated by a series of\\u2028 membership queries: as long as \\u2028 membership in A matches \\u2028 membership in A0, Learner\\u2028 assumes he made the correct guess.","targetRectangle":{"y":88.73004150390625,"x":641.48565673828125,"width":349.76292065983444,"height":430.19999095201638}},{"text":"This latter setting is often called\\u2028     Black-box learning","targetRectangle":{"y":523.73004218340066,"x":642.57140061302391,"width":291.32800000000009,"height":65.199990272521973}},{"text":"￼","targetRectangle":{"y":746.216064453125,"x":1012.2240000367165,"width":7.7759999999999536,"height":15.799993515014648}},{"text":"5¢","targetRectangle":{"y":196.17613220214844,"x":434.411865234375,"width":23.327999999999975,"height":24.199990272521973}}],"baseLayer":{"animations":[],"initialState":{"affineTransform":[1,0,0,1,0,0],"masksToBounds":false,"rotation":0,"scale":1,"position":{"pointX":512,"pointY":384},"width":1024,"sublayerTransform":[1,0,0,0,0,1,0,0,0,0,1,0,0,0,0,1],"contentsRect":{"y":0,"x":0,"width":1,"height":1},"opacity":1,"edgeAntialiasingMask":251658240,"height":768,"hidden":false,"anchorPoint":{"pointX":0.5,"pointY":0.5}},"layers":[{"animations":[],"initialState":{"affineTransform":[1,0,0,1,0,0],"masksToBounds":false,"rotation":0,"scale":1,"position":{"pointX":512,"pointY":384},"width":1024,"sublayerTransform":[1,0,0,0,0,1,0,0,0,0,1,0,0,0,0,1],"contentsRect":{"y":0,"x":0,"width":1,"height":1},"opacity":1,"edgeAntialiasingMask":251658240,"height":768,"hidden":false,"anchorPoint":{"pointX":0.5,"pointY":0.5}},"layers":[{"animations":[],"initialState":{"affineTransform":[1,0,0,1,0,0],"masksToBounds":false,"rotation":0,"scale":1,"position":{"pointX":512,"pointY":384},"width":1024,"sublayerTransform":[1,0,0,0,0,1,0,0,0,0,1,0,0,0,0,1],"contentsRect":{"y":0,"x":0,"width":1,"height":1},"opacity":1,"edgeAntialiasingMask":251658240,"height":768,"hidden":false,"anchorPoint":{"pointX":0.5,"pointY":0.5}},"layers":[{"animations":[],"layers":[],"texturedRectangle":{"isBackgroundTexture":true,"singleTextureOpacity":1,"textureType":1,"textBaseline":0,"textXHeight":0,"isVerticalText":false},"initialState":{"affineTransform":[1,0,0,1,0,0],"masksToBounds":false,"rotation":0,"scale":1,"position":{"pointX":512,"pointY":384},"width":1024,"sublayerTransform":[1,0,0,0,0,1,0,0,0,0,1,0,0,0,0,1],"contentsRect":{"y":0,"x":0,"width":1,"height":1},"opacity":1,"edgeAntialiasingMask":0,"height":768,"hidden":false,"anchorPoint":{"pointX":0.5,"pointY":0.5}},"texture":"498E23C82CA78A4BCD7BA88E5243B6FC"}]}]},{"animations":[],"initialState":{"affineTransform":[1,0,0,1,0,0],"masksToBounds":false,"rotation":0,"scale":1,"position":{"pointX":512,"pointY":384},"width":1024,"sublayerTransform":[1,0,0,0,0,1,0,0,0,0,1,0,0,0,0,1],"contentsRect":{"y":0,"x":0,"width":1,"height":1},"opacity":1,"edgeAntialiasingMask":251658240,"height":768,"hidden":false,"anchorPoint":{"pointX":0.5,"pointY":0.5}},"layers":[{"animations":[],"initialState":{"affineTransform":[1,0,0,1,0,0],"masksToBounds":false,"rotation":0,"scale":1,"position":{"pointX":523,"pointY":50.5},"width":1046,"sublayerTransform":[1,0,0,0,0,1,0,0,0,0,1,0,0,0,0,1],"contentsRect":{"y":0,"x":0,"width":1,"height":1},"opacity":1,"edgeAntialiasingMask":251658240,"height":101,"hidden":false,"anchorPoint":{"pointX":0.5,"pointY":0.5}},"layers":[{"animations":[],"layers":[],"texturedRectangle":{"singleTextureOpacity":1,"textXHeight":0,"shapePath":{"lineWidth":1,"flatness":0.59999999999999998,"lineCapStyle":0,"elements":[{"type":"MoveToPoint","points":[[11,16]]},{"type":"AddLine","points":[[1034.9999771118164,16]]},{"type":"AddLine","points":[[1034.9999771118164,85.584518671035767]]},{"type":"AddLine","points":[[11,85.584518671035767]]},{"type":"CloseSubpath"},{"type":"MoveToPoint","points":[[11,16]]}],"windingRule":0,"lineJoinStyle":0,"miterLimit":10},"isBackgroundTexture":true,"textBaseline":0,"isVerticalText":false,"textureType":5},"initialState":{"affineTransform":[1,0,0,1,0,0],"masksToBounds":false,"rotation":0,"scale":1,"position":{"pointX":512,"pointY":34.5},"width":1046,"sublayerTransform":[1,0,0,0,0,1,0,0,0,0,1,0,0,0,0,1],"contentsRect":{"y":0,"x":0,"width":1,"height":1},"opacity":1,"edgeAntialiasingMask":0,"height":101,"hidden":false,"anchorPoint":{"pointX":0.5,"pointY":0.5}},"texture":"9EF544503F09D0BC843BDE860A597DC7"}]}]},{"animations":[],"initialState":{"affineTransform":[1,0,0,1,0,0],"masksToBounds":false,"rotation":0,"scale":1,"position":{"pointX":512,"pointY":384},"width":1024,"sublayerTransform":[1,0,0,0,0,1,0,0,0,0,1,0,0,0,0,1],"contentsRect":{"y":0,"x":0,"width":1,"height":1},"opacity":1,"edgeAntialiasingMask":251658240,"height":768,"hidden":false,"anchorPoint":{"pointX":0.5,"pointY":0.5}},"layers":[{"animations":[],"initialState":{"affineTransform":[1,0,0,1,0,0],"masksToBounds":false,"rotation":0,"scale":1,"position":{"pointX":179.4581298828125,"pointY":19.999999825850949},"width":297,"sublayerTransform":[1,0,0,0,0,1,0,0,0,0,1,0,0,0,0,1],"contentsRect":{"y":0,"x":0,"width":1,"height":1},"opacity":1,"edgeAntialiasingMask":251658240,"height":40,"hidden":false,"anchorPoint":{"pointX":0.5,"pointY":0.5}},"layers":[{"animations":[],"layers":[],"texturedRectangle":{"singleTextureOpacity":1,"textXHeight":0.39000000000000001,"textBaseline":0.69999903303126065,"isBackgroundTexture":true,"isVerticalText":false,"textColor":[0.1407814621925354,0.29488536715507507,0.40415626764297485,1],"textureType":6},"initialState":{"affineTransform":[1,0,0,1,0,0],"masksToBounds":false,"rotation":0,"scale":1,"position":{"pointX":151.5418701171875,"pointY":36.000000174149051},"width":297,"sublayerTransform":[1,0,0,0,0,1,0,0,0,0,1,0,0,0,0,1],"contentsRect":{"y":0,"x":0,"width":1,"height":1},"opacity":1,"edgeAntialiasingMask":0,"height":40,"hidden":false,"anchorPoint":{"pointX":0.5,"pointY":0.5}},"texture":"56796B0406C1887ACFEB53F6B982E078"}]}]},{"animations":[],"initialState":{"affineTransform":[1,0,0,1,0,0],"masksToBounds":false,"rotation":0,"scale":1,"position":{"pointX":512,"pointY":384},"width":1024,"sublayerTransform":[1,0,0,0,0,1,0,0,0,0,1,0,0,0,0,1],"contentsRect":{"y":0,"x":0,"width":1,"height":1},"opacity":1,"edgeAntialiasingMask":251658240,"height":768,"hidden":false,"anchorPoint":{"pointX":0.5,"pointY":0.5}},"layers":[{"animations":[],"initialState":{"affineTransform":[1,0,0,1,0,0],"masksToBounds":false,"rotation":0,"scale":1,"position":{"pointX":1012.7240000367165,"pointY":749.716064453125},"width":11,"sublayerTransform":[1,0,0,0,0,1,0,0,0,0,1,0,0,0,0,1],"contentsRect":{"y":0,"x":0,"width":1,"height":1},"opacity":1,"edgeAntialiasingMask":251658240,"height":15,"hidden":false,"anchorPoint":{"pointX":0.5,"pointY":0.5}},"layers":[{"animations":[],"layers":[],"texturedRectangle":{"singleTextureOpacity":1,"textXHeight":0.41600000000000004,"textBaseline":0.84106993675231934,"isBackgroundTexture":true,"isVerticalText":false,"textColor":[0.088108323514461517,0.30914700031280518,0.52607470750808716,1],"textureType":6},"initialState":{"affineTransform":[1,0,0,1,0,0],"masksToBounds":false,"rotation":0,"scale":1,"position":{"pointX":9.2759999632835388,"pointY":10.283935546875},"width":11,"sublayerTransform":[1,0,0,0,0,1,0,0,0,0,1,0,0,0,0,1],"contentsRect":{"y":0,"x":0,"width":1,"height":1},"opacity":1,"edgeAntialiasingMask":0,"height":15,"hidden":false,"anchorPoint":{"pointX":0.5,"pointY":0.5}},"texture":"E7268F641E5CC9DD6A84919A5F9802AB"}]}]},{"animations":[],"initialState":{"affineTransform":[1,0,0,1,0,0],"masksToBounds":false,"rotation":0,"scale":1,"position":{"pointX":512,"pointY":384},"width":1024,"sublayerTransform":[1,0,0,0,0,1,0,0,0,0,1,0,0,0,0,1],"contentsRect":{"y":0,"x":0,"width":1,"height":1},"opacity":1,"edgeAntialiasingMask":251658240,"height":768,"hidden":false,"anchorPoint":{"pointX":0.5,"pointY":0.5}},"layers":[{"animations":[],"initialState":{"affineTransform":[1,0,0,1,0,0],"masksToBounds":false,"rotation":0,"scale":1,"position":{"pointX":422.38491821289062,"pointY":227.92604064941406},"width":345,"sublayerTransform":[1,0,0,0,0,1,0,0,0,0,1,0,0,0,0,1],"contentsRect":{"y":0,"x":0,"width":1,"height":1},"opacity":1,"edgeAntialiasingMask":251658240,"height":246,"hidden":false,"anchorPoint":{"pointX":0.5,"pointY":0.5}},"objectID":"7CD5337A-93A7-482B-896C-80E5FBCFFAAC","layers":[{"animations":[],"layers":[],"texturedRectangle":{"isBackgroundTexture":true,"singleTextureOpacity":1,"textureType":5,"textBaseline":0,"textXHeight":0,"isVerticalText":false},"initialState":{"affineTransform":[1,0,0,1,0,0],"masksToBounds":false,"rotation":0,"scale":1,"position":{"pointX":167.61508178710938,"pointY":120.07395935058594},"width":345,"sublayerTransform":[1,0,0,0,0,1,0,0,0,0,1,0,0,0,0,1],"contentsRect":{"y":0,"x":0,"width":1,"height":1},"opacity":1,"edgeAntialiasingMask":0,"height":246,"hidden":true,"anchorPoint":{"pointX":0.5,"pointY":0.5}},"texture":"A63D2142C153B1ECAD11AEB03ACC26FE"}]}]},{"animations":[],"initialState":{"affineTransform":[1,0,0,1,0,0],"masksToBounds":false,"rotation":0,"scale":1,"position":{"pointX":512,"pointY":384},"width":1024,"sublayerTransform":[1,0,0,0,0,1,0,0,0,0,1,0,0,0,0,1],"contentsRect":{"y":0,"x":0,"width":1,"height":1},"opacity":1,"edgeAntialiasingMask":251658240,"height":768,"hidden":false,"anchorPoint":{"pointX":0.5,"pointY":0.5}},"layers":[{"animations":[],"initialState":{"affineTransform":[1,0,0,1,0,0],"masksToBounds":false,"rotation":0,"scale":1,"position":{"pointX":411.40384499735779,"pointY":566.15820683333027},"width":297,"sublayerTransform":[1,0,0,0,0,1,0,0,0,0,1,0,0,0,0,1],"contentsRect":{"y":0,"x":0,"width":1,"height":1},"opacity":1,"edgeAntialiasingMask":251658240,"height":219,"hidden":false,"anchorPoint":{"pointX":0.5,"pointY":0.5}},"objectID":"EE6EC85C-1A5E-483A-948D-0E0364228240","layers":[{"animations":[],"layers":[],"texturedRectangle":{"singleTextureOpacity":1,"textXHeight":0,"shapePath":{"lineWidth":1,"flatness":0.59999999999999998,"lineCapStyle":0,"elements":[{"type":"MoveToPoint","points":[[30.748367014806433,99.318198038526134]]},{"type":"AddLine","points":[[238.97985580634486,33.102488634224358]]},{"type":"AddLine","points":[[267.05332976253726,121.38639180522398]]},{"type":"AddLine","points":[[58.821840970998835,187.6021012095257]]},{"type":"CloseSubpath"},{"type":"MoveToPoint","points":[[30.748367014806433,99.318198038526134]]}],"windingRule":0,"lineJoinStyle":0,"miterLimit":10},"isBackgroundTexture":true,"textBaseline":0,"isVerticalText":false,"textureType":5},"initialState":{"affineTransform":[1,0,0,1,0,0],"masksToBounds":false,"rotation":0,"scale":1,"position":{"pointX":146.59615500264221,"pointY":107.84179316666979},"width":297,"sublayerTransform":[1,0,0,0,0,1,0,0,0,0,1,0,0,0,0,1],"contentsRect":{"y":0,"x":0,"width":1,"height":1},"opacity":1,"edgeAntialiasingMask":0,"height":219,"hidden":true,"anchorPoint":{"pointX":0.5,"pointY":0.5}},"texture":"CA411D0DE7F21825426F9B538B83738B"}]}]},{"animations":[],"initialState":{"affineTransform":[1,0,0,1,0,0],"masksToBounds":false,"rotation":0,"scale":1,"position":{"pointX":512,"pointY":384},"width":1024,"sublayerTransform":[1,0,0,0,0,1,0,0,0,0,1,0,0,0,0,1],"contentsRect":{"y":0,"x":0,"width":1,"height":1},"opacity":1,"edgeAntialiasingMask":251658240,"height":768,"hidden":false,"anchorPoint":{"pointX":0.5,"pointY":0.5}},"layers":[{"animations":[],"initialState":{"affineTransform":[1,0,0,1,0,0],"masksToBounds":false,"rotation":0,"scale":1,"position":{"pointX":459.20445970759135,"pointY":428.3848398986724},"width":379,"sublayerTransform":[1,0,0,0,0,1,0,0,0,0,1,0,0,0,0,1],"contentsRect":{"y":0,"x":0,"width":1,"height":1},"opacity":1,"edgeAntialiasingMask":251658240,"height":145,"hidden":false,"anchorPoint":{"pointX":0.5,"pointY":0.5}},"objectID":"2A8D1552-45B8-4A03-8911-49142E1FC84B","layers":[{"animations":[],"layers":[],"texturedRectangle":{"singleTextureOpacity":1,"textXHeight":0,"shapePath":{"lineWidth":1,"flatness":0.59999999999999998,"lineCapStyle":0,"elements":[{"type":"MoveToPoint","points":[[25.609615253772802,54.012521506681537]]},{"type":"AddLine","points":[[348.79751539958124,29.475703581582252]]},{"type":"AddLine","points":[[353.65918357435226,93.511404274568463]]},{"type":"AddLine","points":[[30.471283428543813,118.04822219966775]]},{"type":"CloseSubpath"},{"type":"MoveToPoint","points":[[25.609615253772802,54.012521506681537]]}],"windingRule":0,"lineJoinStyle":0,"miterLimit":10},"isBackgroundTexture":true,"textBaseline":0,"isVerticalText":false,"textureType":5},"initialState":{"affineTransform":[1,0,0,1,0,0],"masksToBounds":false,"rotation":0,"scale":1,"position":{"pointX":187.79554029240865,"pointY":70.615160101327604},"width":379,"sublayerTransform":[1,0,0,0,0,1,0,0,0,0,1,0,0,0,0,1],"contentsRect":{"y":0,"x":0,"width":1,"height":1},"opacity":1,"edgeAntialiasingMask":0,"height":145,"hidden":true,"anchorPoint":{"pointX":0.5,"pointY":0.5}},"texture":"90A80311939C2070118AB7BD880D5AD3"}]}]},{"animations":[],"initialState":{"affineTransform":[1,0,0,1,0,0],"masksToBounds":false,"rotation":0,"scale":1,"position":{"pointX":512,"pointY":384},"width":1024,"sublayerTransform":[1,0,0,0,0,1,0,0,0,0,1,0,0,0,0,1],"contentsRect":{"y":0,"x":0,"width":1,"height":1},"opacity":1,"edgeAntialiasingMask":251658240,"height":768,"hidden":false,"anchorPoint":{"pointX":0.5,"pointY":0.5}},"layers":[{"animations":[],"initialState":{"affineTransform":[1,0,0,1,0,0],"masksToBounds":false,"rotation":0,"scale":1,"position":{"pointX":478.75387947670106,"pointY":704.78279108551976},"width":265,"sublayerTransform":[1,0,0,0,0,1,0,0,0,0,1,0,0,0,0,1],"contentsRect":{"y":0,"x":0,"width":1,"height":1},"opacity":1,"edgeAntialiasingMask":251658240,"height":151,"hidden":false,"anchorPoint":{"pointX":0.5,"pointY":0.5}},"objectID":"2D4FCB0C-EB16-40A7-A9D8-3311A5DDC758","layers":[{"animations":[],"layers":[],"texturedRectangle":{"singleTextureOpacity":1,"textXHeight":0,"shapePath":{"lineWidth":1,"flatness":0.59999999999999998,"lineCapStyle":0,"elements":[{"type":"MoveToPoint","points":[[25.720013593673059,27.743035827199606]]},{"type":"AddLine","points":[[241.3176193219515,32.311595480781989]]},{"type":"AddLine","points":[[239.35499861335825,124.93079229780062]]},{"type":"AddLine","points":[[23.75739288507981,120.36223264421824]]},{"type":"CloseSubpath"},{"type":"MoveToPoint","points":[[25.720013593673059,27.743035827199606]]}],"windingRule":0,"lineJoinStyle":0,"miterLimit":10},"isBackgroundTexture":true,"textBaseline":0,"isVerticalText":false,"textureType":5},"initialState":{"affineTransform":[1,0,0,1,0,0],"masksToBounds":false,"rotation":0,"scale":1,"position":{"pointX":131.24612052329894,"pointY":74.217208914480238},"width":265,"sublayerTransform":[1,0,0,0,0,1,0,0,0,0,1,0,0,0,0,1],"contentsRect":{"y":0,"x":0,"width":1,"height":1},"opacity":1,"edgeAntialiasingMask":0,"height":151,"hidden":true,"anchorPoint":{"pointX":0.5,"pointY":0.5}},"texture":"95E2EA7E97EF80F8F52CE5F5AE815F94"}]}]},{"animations":[],"initialState":{"affineTransform":[1,0,0,1,0,0],"masksToBounds":false,"rotation":0,"scale":1,"position":{"pointX":512,"pointY":384},"width":1024,"sublayerTransform":[1,0,0,0,0,1,0,0,0,0,1,0,0,0,0,1],"contentsRect":{"y":0,"x":0,"width":1,"height":1},"opacity":1,"edgeAntialiasingMask":251658240,"height":768,"hidden":false,"anchorPoint":{"pointX":0.5,"pointY":0.5}},"layers":[{"animations":[],"initialState":{"affineTransform":[1,0,0,1,0,0],"masksToBounds":false,"rotation":0,"scale":1,"position":{"pointX":667.16426042023306,"pointY":638.10276121487993},"width":293,"sublayerTransform":[1,0,0,0,0,1,0,0,0,0,1,0,0,0,0,1],"contentsRect":{"y":0,"x":0,"width":1,"height":1},"opacity":1,"edgeAntialiasingMask":251658240,"height":202,"hidden":false,"anchorPoint":{"pointX":0.5,"pointY":0.5}},"objectID":"5078253C-A5CF-4ECD-8EDB-C47D7C2AB8EF","layers":[{"animations":[],"layers":[],"texturedRectangle":{"singleTextureOpacity":1,"textXHeight":0,"shapePath":{"lineWidth":1,"flatness":0.59999999999999998,"lineCapStyle":0,"elements":[{"type":"MoveToPoint","points":[[52.961971838748468,33.129340852473774]]},{"type":"AddLine","points":[[261.49495979866992,110.44961228776822]]},{"type":"AddLine","points":[[239.16864339562653,170.66374996783884]]},{"type":"AddLine","points":[[30.635655435705075,93.343478532544282]]},{"type":"CloseSubpath"},{"type":"MoveToPoint","points":[[52.961971838748468,33.129340852473774]]}],"windingRule":0,"lineJoinStyle":0,"miterLimit":10},"isBackgroundTexture":true,"textBaseline":0,"isVerticalText":false,"textureType":5},"initialState":{"affineTransform":[1,0,0,1,0,0],"masksToBounds":false,"rotation":0,"scale":1,"position":{"pointX":144.83573957976694,"pointY":99.897238785120066},"width":293,"sublayerTransform":[1,0,0,0,0,1,0,0,0,0,1,0,0,0,0,1],"contentsRect":{"y":0,"x":0,"width":1,"height":1},"opacity":1,"edgeAntialiasingMask":0,"height":202,"hidden":true,"anchorPoint":{"pointX":0.5,"pointY":0.5}},"texture":"52403D220F92CEC8D38CBC511FBB73F5"}]}]},{"animations":[],"initialState":{"affineTransform":[1,0,0,1,0,0],"masksToBounds":false,"rotation":0,"scale":1,"position":{"pointX":512,"pointY":384},"width":1024,"sublayerTransform":[1,0,0,0,0,1,0,0,0,0,1,0,0,0,0,1],"contentsRect":{"y":0,"x":0,"width":1,"height":1},"opacity":1,"edgeAntialiasingMask":251658240,"height":768,"hidden":false,"anchorPoint":{"pointX":0.5,"pointY":0.5}},"layers":[{"animations":[],"initialState":{"affineTransform":[1,0,0,1,0,0],"masksToBounds":false,"rotation":0,"scale":1,"position":{"pointX":827.98565673828125,"pointY":354.23004150390625},"width":381,"sublayerTransform":[1,0,0,0,0,1,0,0,0,0,1,0,0,0,0,1],"contentsRect":{"y":0,"x":0,"width":1,"height":1},"opacity":1,"edgeAntialiasingMask":251658240,"height":539,"hidden":false,"anchorPoint":{"pointX":0.5,"pointY":0.5}},"layers":[{"animations":[],"layers":[],"texturedRectangle":{"singleTextureOpacity":1,"textXHeight":0,"shapePath":{"lineWidth":1,"flatness":0.59999999999999998,"lineCapStyle":0,"elements":[{"type":"MoveToPoint","points":[[77.550233009834301,13.73004150390625]]},{"type":"AddLine","points":[[303.80761611125945,13.73004150390625]]},{"type":"AddCurve","points":[[323.19421672181124,13.73004150390625],[334.82617708814223,13.73004150390625],[342.58081733236304,16.967499741013199]]},{"type":"AddCurve","points":[[353.75980142078424,21.036317198534036],[362.56591668818464,29.842432465934522],[366.63473414570558,41.021416554355781]]},{"type":"AddCurve","points":[[369.8721923828125,48.776056798576477],[369.8721923828125,60.408017164907534],[369.8721923828125,79.794617775459301]]},{"type":"AddLine","points":[[369.8721923828125,459.4931019511032]]},{"type":"AddCurve","points":[[369.8721923828125,478.87970256165499],[369.8721923828125,490.51166292798598],[366.63473414570558,498.26630317220668]]},{"type":"AddCurve","points":[[362.56591668818464,509.44528726062799],[353.75980142078424,518.25140252802839],[342.58081733236304,522.32021998554933]]},{"type":"AddCurve","points":[[334.82617708814223,525.55767822265625],[323.19421672181124,525.55767822265625],[303.80761611125945,525.55767822265625]]},{"type":"AddLine","points":[[77.550233009834301,525.55767822265625]]},{"type":"AddCurve","points":[[58.163632399282506,525.55767822265625],[46.531672032951519,525.55767822265625],[38.777031788730824,522.32021998554933]]},{"type":"AddCurve","points":[[27.598047700309507,518.25140252802839],[18.791932432908993,509.44528726062799],[14.723114975388171,498.26630317220679]]},{"type":"AddCurve","points":[[11.48565673828125,490.51166292798598],[11.48565673828125,478.87970256165499],[11.48565673828125,459.4931019511032]]},{"type":"AddLine","points":[[11.48565673828125,79.794617775459301]]},{"type":"AddCurve","points":[[11.48565673828125,60.408017164907534],[11.48565673828125,48.776056798576477],[14.723114975388171,41.021416554355781]]},{"type":"AddCurve","points":[[18.791932432908993,29.842432465934507],[27.598047700309507,21.036317198534022],[38.777031788730824,16.967499741013199]]},{"type":"AddCurve","points":[[46.531672032951519,13.73004150390625],[58.163632399282506,13.73004150390625],[77.550233009834301,13.73004150390625]]},{"type":"CloseSubpath"},{"type":"MoveToPoint","points":[[77.550233009834301,13.73004150390625]]}],"windingRule":0,"lineJoinStyle":0,"miterLimit":10},"isBackgroundTexture":true,"textBaseline":0,"isVerticalText":false,"textureType":5},"initialState":{"affineTransform":[1,0,0,1,0,0],"masksToBounds":false,"rotation":0,"scale":1,"position":{"pointX":179.01434326171875,"pointY":255.76995849609375},"width":381,"sublayerTransform":[1,0,0,0,0,1,0,0,0,0,1,0,0,0,0,1],"contentsRect":{"y":0,"x":0,"width":1,"height":1},"opacity":1,"edgeAntialiasingMask":0,"height":539,"hidden":false,"anchorPoint":{"pointX":0.5,"pointY":0.5}},"texture":"DC35E00BF1258AF75C3ED8EDB33B8379"}]}]},{"animations":[],"initialState":{"affineTransform":[1,0,0,1,0,0],"masksToBounds":false,"rotation":0,"scale":1,"position":{"pointX":512,"pointY":384},"width":1024,"sublayerTransform":[1,0,0,0,0,1,0,0,0,0,1,0,0,0,0,1],"contentsRect":{"y":0,"x":0,"width":1,"height":1},"opacity":1,"edgeAntialiasingMask":251658240,"height":768,"hidden":false,"anchorPoint":{"pointX":0.5,"pointY":0.5}},"layers":[{"animations":[],"initialState":{"affineTransform":[1,0,0,1,0,0],"masksToBounds":false,"rotation":0,"scale":1,"position":{"pointX":132.4581298828125,"pointY":373.93507385253906},"width":203,"sublayerTransform":[1,0,0,0,0,1,0,0,0,0,1,0,0,0,0,1],"contentsRect":{"y":0,"x":0,"width":1,"height":1},"opacity":1,"edgeAntialiasingMask":251658240,"height":546,"hidden":false,"anchorPoint":{"pointX":0.5,"pointY":0.5}},"layers":[{"animations":[],"layers":[],"texturedRectangle":{"isBackgroundTexture":true,"singleTextureOpacity":1,"textureType":5,"textBaseline":0,"textXHeight":0,"isVerticalText":false},"initialState":{"affineTransform":[1,0,0,1,0,0],"masksToBounds":false,"rotation":0,"scale":1,"position":{"pointX":99.5418701171875,"pointY":271.06492614746094},"width":203,"sublayerTransform":[1,0,0,0,0,1,0,0,0,0,1,0,0,0,0,1],"contentsRect":{"y":0,"x":0,"width":1,"height":1},"opacity":1,"edgeAntialiasingMask":0,"height":546,"hidden":false,"anchorPoint":{"pointX":0.5,"pointY":0.5}},"texture":"241155B08CFCC0DC5C39A71DABCCC14B"}]}]}]}},{"effects":[{"beginTime":0,"baseLayer":{"animations":[],"initialState":{"affineTransform":[1,0,0,1,0,0],"masksToBounds":false,"rotation":0,"scale":1,"position":{"pointX":459.20445970759135,"pointY":428.3848398986724},"width":379,"sublayerTransform":[1,0,0,0,0,1,0,0,0,0,1,0,0,0,0,1],"contentsRect":{"y":0,"x":0,"width":1,"height":1},"opacity":1,"edgeAntialiasingMask":251658240,"height":145,"hidden":false,"anchorPoint":{"pointX":0.5,"pointY":0.5}},"objectID":"2A8D1552-45B8-4A03-8911-49142E1FC84B","layers":[{"animations":[],"initialState":{"affineTransform":[1,0,0,1,0,0],"masksToBounds":false,"rotation":0,"scale":1,"position":{"pointX":242.29554029240865,"pointY":28.115160101327604},"width":379,"sublayerTransform":[1,0,0,0,0,1,0,0,0,0,1,-0.00049229876906403734,0,0,0,1],"contentsRect":{"y":0,"x":0,"width":1,"height":1},"opacity":1,"edgeAntialiasingMask":251658240,"height":145,"hidden":false,"anchorPoint":{"pointX":0.63930221713036584,"pointY":0.19389765587122484}},"layers":[{"animations":[{"additive":false,"timeOffset":0,"beginTime":1e-100,"repeatCount":0,"fillMode":"both","duration":1,"autoreverses":false,"animations":[{"repeatCount":0,"removedOnCompletion":true,"from":{"scalar":0},"timingFunction":"EaseInEaseOut","additive":false,"timeOffset":0,"autoreverses":false,"property":"opacity","fillMode":"both","duration":1,"beginTime":0,"to":{"scalar":1}},{"additive":false,"timeOffset":0,"beginTime":0,"from":{"scalar":false},"repeatCount":0,"fillMode":"forwards","duration":1,"autoreverses":false,"property":"hidden","to":{"scalar":false},"removedOnCompletion":true}],"removedOnCompletion":false}],"layers":[],"texturedRectangle":{"singleTextureOpacity":1,"textXHeight":0,"shapePath":{"lineWidth":1,"flatness":0.59999999999999998,"lineCapStyle":0,"elements":[{"type":"MoveToPoint","points":[[25.609615253772802,54.012521506681537]]},{"type":"AddLine","points":[[348.79751539958124,29.475703581582252]]},{"type":"AddLine","points":[[353.65918357435226,93.511404274568463]]},{"type":"AddLine","points":[[30.471283428543813,118.04822219966775]]},{"type":"CloseSubpath"},{"type":"MoveToPoint","points":[[25.609615253772802,54.012521506681537]]}],"windingRule":0,"lineJoinStyle":0,"miterLimit":10},"isBackgroundTexture":true,"textBaseline":0,"isVerticalText":false,"textureType":5},"initialState":{"affineTransform":[1,0,0,1,0,0],"masksToBounds":false,"rotation":0,"scale":1,"position":{"pointX":187.79554029240865,"pointY":70.615160101327604},"width":379,"sublayerTransform":[1,0,0,0,0,1,0,0,0,0,1,0,0,0,0,1],"contentsRect":{"y":0,"x":0,"width":1,"height":1},"opacity":1,"edgeAntialiasingMask":0,"height":145,"hidden":true,"anchorPoint":{"pointX":0.5,"pointY":0.5}},"texture":"90A80311939C2070118AB7BD880D5AD3"}]}]},"effects":[{"beginTime":0,"baseLayer":{"animations":[],"initialState":{"affineTransform":[1,0,0,1,0,0],"masksToBounds":false,"rotation":0,"scale":1,"position":{"pointX":411.40384499735779,"pointY":566.15820683333027},"width":297,"sublayerTransform":[1,0,0,0,0,1,0,0,0,0,1,0,0,0,0,1],"contentsRect":{"y":0,"x":0,"width":1,"height":1},"opacity":1,"edgeAntialiasingMask":251658240,"height":219,"hidden":false,"anchorPoint":{"pointX":0.5,"pointY":0.5}},"objectID":"EE6EC85C-1A5E-483A-948D-0E0364228240","layers":[{"animations":[],"initialState":{"affineTransform":[1,0,0,1,0,0],"masksToBounds":false,"rotation":0,"scale":1,"position":{"pointX":249.09615500264221,"pointY":-72.658206833330269},"width":297,"sublayerTransform":[1,0,0,0,0,1,0,0,0,0,1,-0.00049229876906403734,0,0,0,1],"contentsRect":{"y":0,"x":0,"width":1,"height":1},"opacity":1,"edgeAntialiasingMask":251658240,"height":219,"hidden":false,"anchorPoint":{"pointX":0.83870759260148886,"pointY":-0.33177263394214734}},"layers":[{"animations":[{"additive":false,"timeOffset":0,"beginTime":1e-100,"repeatCount":0,"fillMode":"both","duration":1,"autoreverses":false,"animations":[{"repeatCount":0,"removedOnCompletion":true,"from":{"scalar":0},"timingFunction":"EaseInEaseOut","additive":false,"timeOffset":0,"autoreverses":false,"property":"opacity","fillMode":"both","duration":1,"beginTime":0,"to":{"scalar":1}},{"additive":false,"timeOffset":0,"beginTime":0,"from":{"scalar":false},"repeatCount":0,"fillMode":"forwards","duration":1,"autoreverses":false,"property":"hidden","to":{"scalar":false},"removedOnCompletion":true}],"removedOnCompletion":false}],"layers":[],"texturedRectangle":{"singleTextureOpacity":1,"textXHeight":0,"shapePath":{"lineWidth":1,"flatness":0.59999999999999998,"lineCapStyle":0,"elements":[{"type":"MoveToPoint","points":[[30.748367014806433,99.318198038526134]]},{"type":"AddLine","points":[[238.97985580634486,33.102488634224358]]},{"type":"AddLine","points":[[267.05332976253726,121.38639180522398]]},{"type":"AddLine","points":[[58.821840970998835,187.6021012095257]]},{"type":"CloseSubpath"},{"type":"MoveToPoint","points":[[30.748367014806433,99.318198038526134]]}],"windingRule":0,"lineJoinStyle":0,"miterLimit":10},"isBackgroundTexture":true,"textBaseline":0,"isVerticalText":false,"textureType":5},"initialState":{"affineTransform":[1,0,0,1,0,0],"masksToBounds":false,"rotation":0,"scale":1,"position":{"pointX":146.59615500264221,"pointY":107.84179316666979},"width":297,"sublayerTransform":[1,0,0,0,0,1,0,0,0,0,1,0,0,0,0,1],"contentsRect":{"y":0,"x":0,"width":1,"height":1},"opacity":1,"edgeAntialiasingMask":0,"height":219,"hidden":true,"anchorPoint":{"pointX":0.5,"pointY":0.5}},"texture":"CA411D0DE7F21825426F9B538B83738B"}]}]},"effects":[{"beginTime":0,"baseLayer":{"animations":[],"initialState":{"affineTransform":[1,0,0,1,0,0],"masksToBounds":false,"rotation":0,"scale":1,"position":{"pointX":478.75387947670106,"pointY":704.78279108551976},"width":265,"sublayerTransform":[1,0,0,0,0,1,0,0,0,0,1,0,0,0,0,1],"contentsRect":{"y":0,"x":0,"width":1,"height":1},"opacity":1,"edgeAntialiasingMask":251658240,"height":151,"hidden":false,"anchorPoint":{"pointX":0.5,"pointY":0.5}},"objectID":"2D4FCB0C-EB16-40A7-A9D8-3311A5DDC758","layers":[{"animations":[],"initialState":{"affineTransform":[1,0,0,1,0,0],"masksToBounds":false,"rotation":0,"scale":1,"position":{"pointX":165.74612052329894,"pointY":-245.28279108551976},"width":265,"sublayerTransform":[1,0,0,0,0,1,0,0,0,0,1,-0.00049229876906403734,0,0,0,1],"contentsRect":{"y":0,"x":0,"width":1,"height":1},"opacity":1,"edgeAntialiasingMask":251658240,"height":151,"hidden":false,"anchorPoint":{"pointX":0.62545705857848655,"pointY":-1.6243893449372169}},"layers":[{"animations":[{"additive":false,"timeOffset":0,"beginTime":1e-100,"repeatCount":0,"fillMode":"both","duration":1,"autoreverses":false,"animations":[{"repeatCount":0,"removedOnCompletion":true,"from":{"scalar":0},"timingFunction":"EaseInEaseOut","additive":false,"timeOffset":0,"autoreverses":false,"property":"opacity","fillMode":"both","duration":1,"beginTime":0,"to":{"scalar":1}},{"additive":false,"timeOffset":0,"beginTime":0,"from":{"scalar":false},"repeatCount":0,"fillMode":"forwards","duration":1,"autoreverses":false,"property":"hidden","to":{"scalar":false},"removedOnCompletion":true}],"removedOnCompletion":false}],"layers":[],"texturedRectangle":{"singleTextureOpacity":1,"textXHeight":0,"shapePath":{"lineWidth":1,"flatness":0.59999999999999998,"lineCapStyle":0,"elements":[{"type":"MoveToPoint","points":[[25.720013593673059,27.743035827199606]]},{"type":"AddLine","points":[[241.3176193219515,32.311595480781989]]},{"type":"AddLine","points":[[239.35499861335825,124.93079229780062]]},{"type":"AddLine","points":[[23.75739288507981,120.36223264421824]]},{"type":"CloseSubpath"},{"type":"MoveToPoint","points":[[25.720013593673059,27.743035827199606]]}],"windingRule":0,"lineJoinStyle":0,"miterLimit":10},"isBackgroundTexture":true,"textBaseline":0,"isVerticalText":false,"textureType":5},"initialState":{"affineTransform":[1,0,0,1,0,0],"masksToBounds":false,"rotation":0,"scale":1,"position":{"pointX":131.24612052329894,"pointY":74.217208914480238},"width":265,"sublayerTransform":[1,0,0,0,0,1,0,0,0,0,1,0,0,0,0,1],"contentsRect":{"y":0,"x":0,"width":1,"height":1},"opacity":1,"edgeAntialiasingMask":0,"height":151,"hidden":true,"anchorPoint":{"pointX":0.5,"pointY":0.5}},"texture":"95E2EA7E97EF80F8F52CE5F5AE815F94"}]}]},"effects":[{"beginTime":0,"baseLayer":{"animations":[],"initialState":{"affineTransform":[1,0,0,1,0,0],"masksToBounds":false,"rotation":0,"scale":1,"position":{"pointX":667.16426042023306,"pointY":638.10276121487993},"width":293,"sublayerTransform":[1,0,0,0,0,1,0,0,0,0,1,0,0,0,0,1],"contentsRect":{"y":0,"x":0,"width":1,"height":1},"opacity":1,"edgeAntialiasingMask":251658240,"height":202,"hidden":false,"anchorPoint":{"pointX":0.5,"pointY":0.5}},"objectID":"5078253C-A5CF-4ECD-8EDB-C47D7C2AB8EF","layers":[{"animations":[],"initialState":{"affineTransform":[1,0,0,1,0,0],"masksToBounds":false,"rotation":0,"scale":1,"position":{"pointX":-8.6642604202330631,"pointY":-153.10276121487993},"width":293,"sublayerTransform":[1,0,0,0,0,1,0,0,0,0,1,-0.00049229876906403734,0,0,0,1],"contentsRect":{"y":0,"x":0,"width":1,"height":1},"opacity":1,"edgeAntialiasingMask":251658240,"height":202,"hidden":false,"anchorPoint":{"pointX":-0.029570854676563355,"pointY":-0.7579344614598017}},"layers":[{"animations":[{"additive":false,"timeOffset":0,"beginTime":1e-100,"repeatCount":0,"fillMode":"both","duration":1,"autoreverses":false,"animations":[{"repeatCount":0,"removedOnCompletion":true,"from":{"scalar":0},"timingFunction":"EaseInEaseOut","additive":false,"timeOffset":0,"autoreverses":false,"property":"opacity","fillMode":"both","duration":1,"beginTime":0,"to":{"scalar":1}},{"additive":false,"timeOffset":0,"beginTime":0,"from":{"scalar":false},"repeatCount":0,"fillMode":"forwards","duration":1,"autoreverses":false,"property":"hidden","to":{"scalar":false},"removedOnCompletion":true}],"removedOnCompletion":false}],"layers":[],"texturedRectangle":{"singleTextureOpacity":1,"textXHeight":0,"shapePath":{"lineWidth":1,"flatness":0.59999999999999998,"lineCapStyle":0,"elements":[{"type":"MoveToPoint","points":[[52.961971838748468,33.129340852473774]]},{"type":"AddLine","points":[[261.49495979866992,110.44961228776822]]},{"type":"AddLine","points":[[239.16864339562653,170.66374996783884]]},{"type":"AddLine","points":[[30.635655435705075,93.343478532544282]]},{"type":"CloseSubpath"},{"type":"MoveToPoint","points":[[52.961971838748468,33.129340852473774]]}],"windingRule":0,"lineJoinStyle":0,"miterLimit":10},"isBackgroundTexture":true,"textBaseline":0,"isVerticalText":false,"textureType":5},"initialState":{"affineTransform":[1,0,0,1,0,0],"masksToBounds":false,"rotation":0,"scale":1,"position":{"pointX":144.83573957976694,"pointY":99.897238785120066},"width":293,"sublayerTransform":[1,0,0,0,0,1,0,0,0,0,1,0,0,0,0,1],"contentsRect":{"y":0,"x":0,"width":1,"height":1},"opacity":1,"edgeAntialiasingMask":0,"height":202,"hidden":true,"anchorPoint":{"pointX":0.5,"pointY":0.5}},"texture":"52403D220F92CEC8D38CBC511FBB73F5"}]}]},"effects":[],"duration":1,"type":"buildIn","attributes":{"direction":0},"name":"apple:dissolve character","objectID":"5078253C-A5CF-4ECD-8EDB-C47D7C2AB8EF"}],"duration":1,"type":"buildIn","attributes":{"direction":0},"name":"apple:dissolve character","objectID":"2D4FCB0C-EB16-40A7-A9D8-3311A5DDC758"}],"duration":1,"type":"buildIn","attributes":{"direction":0},"name":"apple:dissolve character","objectID":"EE6EC85C-1A5E-483A-948D-0E0364228240"}],"duration":1,"type":"buildIn","attributes":{"direction":0},"name":"apple:dissolve character","objectID":"2A8D1552-45B8-4A03-8911-49142E1FC84B"}],"automaticPlay":false,"hyperlinks":[],"accessibility":[{"text":"Learning as a game","targetRectangle":{"y":14.999999825850949,"x":34.9581298828125,"width":295.31999999999994,"height":39.999983787536621}},{"text":"10¢","targetRectangle":{"y":232.91307067871094,"x":462.6943359375,"width":34.992000000000019,"height":24.199990272521973}},{"text":"5¢","targetRectangle":{"y":180.25682067871094,"x":360.8773193359375,"width":23.327999999999975,"height":24.199990272521973}},{"text":"parking-machine.png","targetRectangle":{"y":100.93507385253906,"x":30.9581298828125,"width":200,"height":543}},{"text":"5¢","targetRectangle":{"y":108.92604064941406,"x":510.6903076171875,"width":23.327999999999975,"height":24.199990272521973}},{"text":"10¢","targetRectangle":{"y":123.25682067871094,"x":348.8773193359375,"width":34.992000000000019,"height":24.199990272521973}},{"text":"parking\\u2028ticket!","targetRectangle":{"y":283.37461853027344,"x":440.30230712890625,"width":75.855999999999995,"height":53.199990272521973}},{"text":"\\u2028 MAT (Minimally Adequate Teacher)\\u2028\\u2028 Sometimes answering an\\u2028 equivalence query is not practical:\\u2028 if Teacher knew A0, he could pass\\u2028 this information directly to Learner,\\u2028 so why bothering querying?\\u2028\\u2028 Equivalence queries can however\\u2028 be approximated by a series of\\u2028 membership queries: as long as \\u2028 membership in A matches \\u2028 membership in A0, Learner\\u2028 assumes he made the correct guess.","targetRectangle":{"y":88.73004150390625,"x":641.48565673828125,"width":349.76292065983444,"height":430.19999095201638}},{"text":"This latter setting is often called\\u2028     Black-box learning","targetRectangle":{"y":523.73004218340066,"x":642.57140061302391,"width":291.32800000000009,"height":65.199990272521973}},{"text":"￼","targetRectangle":{"y":746.216064453125,"x":1012.2240000367165,"width":7.7759999999999536,"height":15.799993515014648}},{"text":"5¢","targetRectangle":{"y":196.17613220214844,"x":434.411865234375,"width":23.327999999999975,"height":24.199990272521973}}],"baseLayer":{"animations":[],"initialState":{"affineTransform":[1,0,0,1,0,0],"masksToBounds":false,"rotation":0,"scale":1,"position":{"pointX":512,"pointY":384},"width":1024,"sublayerTransform":[1,0,0,0,0,1,0,0,0,0,1,0,0,0,0,1],"contentsRect":{"y":0,"x":0,"width":1,"height":1},"opacity":1,"edgeAntialiasingMask":251658240,"height":768,"hidden":false,"anchorPoint":{"pointX":0.5,"pointY":0.5}},"layers":[{"animations":[],"initialState":{"affineTransform":[1,0,0,1,0,0],"masksToBounds":false,"rotation":0,"scale":1,"position":{"pointX":512,"pointY":384},"width":1024,"sublayerTransform":[1,0,0,0,0,1,0,0,0,0,1,0,0,0,0,1],"contentsRect":{"y":0,"x":0,"width":1,"height":1},"opacity":1,"edgeAntialiasingMask":251658240,"height":768,"hidden":false,"anchorPoint":{"pointX":0.5,"pointY":0.5}},"layers":[{"animations":[],"initialState":{"affineTransform":[1,0,0,1,0,0],"masksToBounds":false,"rotation":0,"scale":1,"position":{"pointX":512,"pointY":384},"width":1024,"sublayerTransform":[1,0,0,0,0,1,0,0,0,0,1,0,0,0,0,1],"contentsRect":{"y":0,"x":0,"width":1,"height":1},"opacity":1,"edgeAntialiasingMask":251658240,"height":768,"hidden":false,"anchorPoint":{"pointX":0.5,"pointY":0.5}},"layers":[{"animations":[],"layers":[],"texturedRectangle":{"isBackgroundTexture":true,"singleTextureOpacity":1,"textureType":1,"textBaseline":0,"textXHeight":0,"isVerticalText":false},"initialState":{"affineTransform":[1,0,0,1,0,0],"masksToBounds":false,"rotation":0,"scale":1,"position":{"pointX":512,"pointY":384},"width":1024,"sublayerTransform":[1,0,0,0,0,1,0,0,0,0,1,0,0,0,0,1],"contentsRect":{"y":0,"x":0,"width":1,"height":1},"opacity":1,"edgeAntialiasingMask":0,"height":768,"hidden":false,"anchorPoint":{"pointX":0.5,"pointY":0.5}},"texture":"498E23C82CA78A4BCD7BA88E5243B6FC"}]}]},{"animations":[],"initialState":{"affineTransform":[1,0,0,1,0,0],"masksToBounds":false,"rotation":0,"scale":1,"position":{"pointX":512,"pointY":384},"width":1024,"sublayerTransform":[1,0,0,0,0,1,0,0,0,0,1,0,0,0,0,1],"contentsRect":{"y":0,"x":0,"width":1,"height":1},"opacity":1,"edgeAntialiasingMask":251658240,"height":768,"hidden":false,"anchorPoint":{"pointX":0.5,"pointY":0.5}},"layers":[{"animations":[],"initialState":{"affineTransform":[1,0,0,1,0,0],"masksToBounds":false,"rotation":0,"scale":1,"position":{"pointX":523,"pointY":50.5},"width":1046,"sublayerTransform":[1,0,0,0,0,1,0,0,0,0,1,0,0,0,0,1],"contentsRect":{"y":0,"x":0,"width":1,"height":1},"opacity":1,"edgeAntialiasingMask":251658240,"height":101,"hidden":false,"anchorPoint":{"pointX":0.5,"pointY":0.5}},"layers":[{"animations":[],"layers":[],"texturedRectangle":{"singleTextureOpacity":1,"textXHeight":0,"shapePath":{"lineWidth":1,"flatness":0.59999999999999998,"lineCapStyle":0,"elements":[{"type":"MoveToPoint","points":[[11,16]]},{"type":"AddLine","points":[[1034.9999771118164,16]]},{"type":"AddLine","points":[[1034.9999771118164,85.584518671035767]]},{"type":"AddLine","points":[[11,85.584518671035767]]},{"type":"CloseSubpath"},{"type":"MoveToPoint","points":[[11,16]]}],"windingRule":0,"lineJoinStyle":0,"miterLimit":10},"isBackgroundTexture":true,"textBaseline":0,"isVerticalText":false,"textureType":5},"initialState":{"affineTransform":[1,0,0,1,0,0],"masksToBounds":false,"rotation":0,"scale":1,"position":{"pointX":512,"pointY":34.5},"width":1046,"sublayerTransform":[1,0,0,0,0,1,0,0,0,0,1,0,0,0,0,1],"contentsRect":{"y":0,"x":0,"width":1,"height":1},"opacity":1,"edgeAntialiasingMask":0,"height":101,"hidden":false,"anchorPoint":{"pointX":0.5,"pointY":0.5}},"texture":"9EF544503F09D0BC843BDE860A597DC7"}]}]},{"animations":[],"initialState":{"affineTransform":[1,0,0,1,0,0],"masksToBounds":false,"rotation":0,"scale":1,"position":{"pointX":512,"pointY":384},"width":1024,"sublayerTransform":[1,0,0,0,0,1,0,0,0,0,1,0,0,0,0,1],"contentsRect":{"y":0,"x":0,"width":1,"height":1},"opacity":1,"edgeAntialiasingMask":251658240,"height":768,"hidden":false,"anchorPoint":{"pointX":0.5,"pointY":0.5}},"layers":[{"animations":[],"initialState":{"affineTransform":[1,0,0,1,0,0],"masksToBounds":false,"rotation":0,"scale":1,"position":{"pointX":179.4581298828125,"pointY":19.999999825850949},"width":297,"sublayerTransform":[1,0,0,0,0,1,0,0,0,0,1,0,0,0,0,1],"contentsRect":{"y":0,"x":0,"width":1,"height":1},"opacity":1,"edgeAntialiasingMask":251658240,"height":40,"hidden":false,"anchorPoint":{"pointX":0.5,"pointY":0.5}},"layers":[{"animations":[],"layers":[],"texturedRectangle":{"singleTextureOpacity":1,"textXHeight":0.39000000000000001,"textBaseline":0.69999903303126065,"isBackgroundTexture":true,"isVerticalText":false,"textColor":[0.1407814621925354,0.29488536715507507,0.40415626764297485,1],"textureType":6},"initialState":{"affineTransform":[1,0,0,1,0,0],"masksToBounds":false,"rotation":0,"scale":1,"position":{"pointX":151.5418701171875,"pointY":36.000000174149051},"width":297,"sublayerTransform":[1,0,0,0,0,1,0,0,0,0,1,0,0,0,0,1],"contentsRect":{"y":0,"x":0,"width":1,"height":1},"opacity":1,"edgeAntialiasingMask":0,"height":40,"hidden":false,"anchorPoint":{"pointX":0.5,"pointY":0.5}},"texture":"56796B0406C1887ACFEB53F6B982E078"}]}]},{"animations":[],"initialState":{"affineTransform":[1,0,0,1,0,0],"masksToBounds":false,"rotation":0,"scale":1,"position":{"pointX":512,"pointY":384},"width":1024,"sublayerTransform":[1,0,0,0,0,1,0,0,0,0,1,0,0,0,0,1],"contentsRect":{"y":0,"x":0,"width":1,"height":1},"opacity":1,"edgeAntialiasingMask":251658240,"height":768,"hidden":false,"anchorPoint":{"pointX":0.5,"pointY":0.5}},"layers":[{"animations":[],"initialState":{"affineTransform":[1,0,0,1,0,0],"masksToBounds":false,"rotation":0,"scale":1,"position":{"pointX":1012.7240000367165,"pointY":749.716064453125},"width":11,"sublayerTransform":[1,0,0,0,0,1,0,0,0,0,1,0,0,0,0,1],"contentsRect":{"y":0,"x":0,"width":1,"height":1},"opacity":1,"edgeAntialiasingMask":251658240,"height":15,"hidden":false,"anchorPoint":{"pointX":0.5,"pointY":0.5}},"layers":[{"animations":[],"layers":[],"texturedRectangle":{"singleTextureOpacity":1,"textXHeight":0.41600000000000004,"textBaseline":0.84106993675231934,"isBackgroundTexture":true,"isVerticalText":false,"textColor":[0.088108323514461517,0.30914700031280518,0.52607470750808716,1],"textureType":6},"initialState":{"affineTransform":[1,0,0,1,0,0],"masksToBounds":false,"rotation":0,"scale":1,"position":{"pointX":9.2759999632835388,"pointY":10.283935546875},"width":11,"sublayerTransform":[1,0,0,0,0,1,0,0,0,0,1,0,0,0,0,1],"contentsRect":{"y":0,"x":0,"width":1,"height":1},"opacity":1,"edgeAntialiasingMask":0,"height":15,"hidden":false,"anchorPoint":{"pointX":0.5,"pointY":0.5}},"texture":"E7268F641E5CC9DD6A84919A5F9802AB"}]}]},{"animations":[],"initialState":{"affineTransform":[1,0,0,1,0,0],"masksToBounds":false,"rotation":0,"scale":1,"position":{"pointX":512,"pointY":384},"width":1024,"sublayerTransform":[1,0,0,0,0,1,0,0,0,0,1,0,0,0,0,1],"contentsRect":{"y":0,"x":0,"width":1,"height":1},"opacity":1,"edgeAntialiasingMask":251658240,"height":768,"hidden":false,"anchorPoint":{"pointX":0.5,"pointY":0.5}},"layers":[{"animations":[],"initialState":{"affineTransform":[1,0,0,1,0,0],"masksToBounds":false,"rotation":0,"scale":1,"position":{"pointX":422.38491821289062,"pointY":227.92604064941406},"width":345,"sublayerTransform":[1,0,0,0,0,1,0,0,0,0,1,0,0,0,0,1],"contentsRect":{"y":0,"x":0,"width":1,"height":1},"opacity":1,"edgeAntialiasingMask":251658240,"height":246,"hidden":false,"anchorPoint":{"pointX":0.5,"pointY":0.5}},"objectID":"7CD5337A-93A7-482B-896C-80E5FBCFFAAC","layers":[{"animations":[],"layers":[],"texturedRectangle":{"isBackgroundTexture":true,"singleTextureOpacity":1,"textureType":5,"textBaseline":0,"textXHeight":0,"isVerticalText":false},"initialState":{"affineTransform":[1,0,0,1,0,0],"masksToBounds":false,"rotation":0,"scale":1,"position":{"pointX":167.61508178710938,"pointY":120.07395935058594},"width":345,"sublayerTransform":[1,0,0,0,0,1,0,0,0,0,1,0,0,0,0,1],"contentsRect":{"y":0,"x":0,"width":1,"height":1},"opacity":1,"edgeAntialiasingMask":0,"height":246,"hidden":false,"anchorPoint":{"pointX":0.5,"pointY":0.5}},"texture":"A63D2142C153B1ECAD11AEB03ACC26FE"}]}]},{"animations":[],"initialState":{"affineTransform":[1,0,0,1,0,0],"masksToBounds":false,"rotation":0,"scale":1,"position":{"pointX":512,"pointY":384},"width":1024,"sublayerTransform":[1,0,0,0,0,1,0,0,0,0,1,0,0,0,0,1],"contentsRect":{"y":0,"x":0,"width":1,"height":1},"opacity":1,"edgeAntialiasingMask":251658240,"height":768,"hidden":false,"anchorPoint":{"pointX":0.5,"pointY":0.5}},"layers":[{"animations":[],"initialState":{"affineTransform":[1,0,0,1,0,0],"masksToBounds":false,"rotation":0,"scale":1,"position":{"pointX":411.40384499735779,"pointY":566.15820683333027},"width":297,"sublayerTransform":[1,0,0,0,0,1,0,0,0,0,1,0,0,0,0,1],"contentsRect":{"y":0,"x":0,"width":1,"height":1},"opacity":1,"edgeAntialiasingMask":251658240,"height":219,"hidden":false,"anchorPoint":{"pointX":0.5,"pointY":0.5}},"objectID":"EE6EC85C-1A5E-483A-948D-0E0364228240","layers":[{"animations":[],"layers":[],"texturedRectangle":{"singleTextureOpacity":1,"textXHeight":0,"shapePath":{"lineWidth":1,"flatness":0.59999999999999998,"lineCapStyle":0,"elements":[{"type":"MoveToPoint","points":[[30.748367014806433,99.318198038526134]]},{"type":"AddLine","points":[[238.97985580634486,33.102488634224358]]},{"type":"AddLine","points":[[267.05332976253726,121.38639180522398]]},{"type":"AddLine","points":[[58.821840970998835,187.6021012095257]]},{"type":"CloseSubpath"},{"type":"MoveToPoint","points":[[30.748367014806433,99.318198038526134]]}],"windingRule":0,"lineJoinStyle":0,"miterLimit":10},"isBackgroundTexture":true,"textBaseline":0,"isVerticalText":false,"textureType":5},"initialState":{"affineTransform":[1,0,0,1,0,0],"masksToBounds":false,"rotation":0,"scale":1,"position":{"pointX":146.59615500264221,"pointY":107.84179316666979},"width":297,"sublayerTransform":[1,0,0,0,0,1,0,0,0,0,1,0,0,0,0,1],"contentsRect":{"y":0,"x":0,"width":1,"height":1},"opacity":1,"edgeAntialiasingMask":0,"height":219,"hidden":true,"anchorPoint":{"pointX":0.5,"pointY":0.5}},"texture":"CA411D0DE7F21825426F9B538B83738B"}]}]},{"animations":[],"initialState":{"affineTransform":[1,0,0,1,0,0],"masksToBounds":false,"rotation":0,"scale":1,"position":{"pointX":512,"pointY":384},"width":1024,"sublayerTransform":[1,0,0,0,0,1,0,0,0,0,1,0,0,0,0,1],"contentsRect":{"y":0,"x":0,"width":1,"height":1},"opacity":1,"edgeAntialiasingMask":251658240,"height":768,"hidden":false,"anchorPoint":{"pointX":0.5,"pointY":0.5}},"layers":[{"animations":[],"initialState":{"affineTransform":[1,0,0,1,0,0],"masksToBounds":false,"rotation":0,"scale":1,"position":{"pointX":459.20445970759135,"pointY":428.3848398986724},"width":379,"sublayerTransform":[1,0,0,0,0,1,0,0,0,0,1,0,0,0,0,1],"contentsRect":{"y":0,"x":0,"width":1,"height":1},"opacity":1,"edgeAntialiasingMask":251658240,"height":145,"hidden":false,"anchorPoint":{"pointX":0.5,"pointY":0.5}},"objectID":"2A8D1552-45B8-4A03-8911-49142E1FC84B","layers":[{"animations":[],"layers":[],"texturedRectangle":{"singleTextureOpacity":1,"textXHeight":0,"shapePath":{"lineWidth":1,"flatness":0.59999999999999998,"lineCapStyle":0,"elements":[{"type":"MoveToPoint","points":[[25.609615253772802,54.012521506681537]]},{"type":"AddLine","points":[[348.79751539958124,29.475703581582252]]},{"type":"AddLine","points":[[353.65918357435226,93.511404274568463]]},{"type":"AddLine","points":[[30.471283428543813,118.04822219966775]]},{"type":"CloseSubpath"},{"type":"MoveToPoint","points":[[25.609615253772802,54.012521506681537]]}],"windingRule":0,"lineJoinStyle":0,"miterLimit":10},"isBackgroundTexture":true,"textBaseline":0,"isVerticalText":false,"textureType":5},"initialState":{"affineTransform":[1,0,0,1,0,0],"masksToBounds":false,"rotation":0,"scale":1,"position":{"pointX":187.79554029240865,"pointY":70.615160101327604},"width":379,"sublayerTransform":[1,0,0,0,0,1,0,0,0,0,1,0,0,0,0,1],"contentsRect":{"y":0,"x":0,"width":1,"height":1},"opacity":1,"edgeAntialiasingMask":0,"height":145,"hidden":true,"anchorPoint":{"pointX":0.5,"pointY":0.5}},"texture":"90A80311939C2070118AB7BD880D5AD3"}]}]},{"animations":[],"initialState":{"affineTransform":[1,0,0,1,0,0],"masksToBounds":false,"rotation":0,"scale":1,"position":{"pointX":512,"pointY":384},"width":1024,"sublayerTransform":[1,0,0,0,0,1,0,0,0,0,1,0,0,0,0,1],"contentsRect":{"y":0,"x":0,"width":1,"height":1},"opacity":1,"edgeAntialiasingMask":251658240,"height":768,"hidden":false,"anchorPoint":{"pointX":0.5,"pointY":0.5}},"layers":[{"animations":[],"initialState":{"affineTransform":[1,0,0,1,0,0],"masksToBounds":false,"rotation":0,"scale":1,"position":{"pointX":478.75387947670106,"pointY":704.78279108551976},"width":265,"sublayerTransform":[1,0,0,0,0,1,0,0,0,0,1,0,0,0,0,1],"contentsRect":{"y":0,"x":0,"width":1,"height":1},"opacity":1,"edgeAntialiasingMask":251658240,"height":151,"hidden":false,"anchorPoint":{"pointX":0.5,"pointY":0.5}},"objectID":"2D4FCB0C-EB16-40A7-A9D8-3311A5DDC758","layers":[{"animations":[],"layers":[],"texturedRectangle":{"singleTextureOpacity":1,"textXHeight":0,"shapePath":{"lineWidth":1,"flatness":0.59999999999999998,"lineCapStyle":0,"elements":[{"type":"MoveToPoint","points":[[25.720013593673059,27.743035827199606]]},{"type":"AddLine","points":[[241.3176193219515,32.311595480781989]]},{"type":"AddLine","points":[[239.35499861335825,124.93079229780062]]},{"type":"AddLine","points":[[23.75739288507981,120.36223264421824]]},{"type":"CloseSubpath"},{"type":"MoveToPoint","points":[[25.720013593673059,27.743035827199606]]}],"windingRule":0,"lineJoinStyle":0,"miterLimit":10},"isBackgroundTexture":true,"textBaseline":0,"isVerticalText":false,"textureType":5},"initialState":{"affineTransform":[1,0,0,1,0,0],"masksToBounds":false,"rotation":0,"scale":1,"position":{"pointX":131.24612052329894,"pointY":74.217208914480238},"width":265,"sublayerTransform":[1,0,0,0,0,1,0,0,0,0,1,0,0,0,0,1],"contentsRect":{"y":0,"x":0,"width":1,"height":1},"opacity":1,"edgeAntialiasingMask":0,"height":151,"hidden":true,"anchorPoint":{"pointX":0.5,"pointY":0.5}},"texture":"95E2EA7E97EF80F8F52CE5F5AE815F94"}]}]},{"animations":[],"initialState":{"affineTransform":[1,0,0,1,0,0],"masksToBounds":false,"rotation":0,"scale":1,"position":{"pointX":512,"pointY":384},"width":1024,"sublayerTransform":[1,0,0,0,0,1,0,0,0,0,1,0,0,0,0,1],"contentsRect":{"y":0,"x":0,"width":1,"height":1},"opacity":1,"edgeAntialiasingMask":251658240,"height":768,"hidden":false,"anchorPoint":{"pointX":0.5,"pointY":0.5}},"layers":[{"animations":[],"initialState":{"affineTransform":[1,0,0,1,0,0],"masksToBounds":false,"rotation":0,"scale":1,"position":{"pointX":667.16426042023306,"pointY":638.10276121487993},"width":293,"sublayerTransform":[1,0,0,0,0,1,0,0,0,0,1,0,0,0,0,1],"contentsRect":{"y":0,"x":0,"width":1,"height":1},"opacity":1,"edgeAntialiasingMask":251658240,"height":202,"hidden":false,"anchorPoint":{"pointX":0.5,"pointY":0.5}},"objectID":"5078253C-A5CF-4ECD-8EDB-C47D7C2AB8EF","layers":[{"animations":[],"layers":[],"texturedRectangle":{"singleTextureOpacity":1,"textXHeight":0,"shapePath":{"lineWidth":1,"flatness":0.59999999999999998,"lineCapStyle":0,"elements":[{"type":"MoveToPoint","points":[[52.961971838748468,33.129340852473774]]},{"type":"AddLine","points":[[261.49495979866992,110.44961228776822]]},{"type":"AddLine","points":[[239.16864339562653,170.66374996783884]]},{"type":"AddLine","points":[[30.635655435705075,93.343478532544282]]},{"type":"CloseSubpath"},{"type":"MoveToPoint","points":[[52.961971838748468,33.129340852473774]]}],"windingRule":0,"lineJoinStyle":0,"miterLimit":10},"isBackgroundTexture":true,"textBaseline":0,"isVerticalText":false,"textureType":5},"initialState":{"affineTransform":[1,0,0,1,0,0],"masksToBounds":false,"rotation":0,"scale":1,"position":{"pointX":144.83573957976694,"pointY":99.897238785120066},"width":293,"sublayerTransform":[1,0,0,0,0,1,0,0,0,0,1,0,0,0,0,1],"contentsRect":{"y":0,"x":0,"width":1,"height":1},"opacity":1,"edgeAntialiasingMask":0,"height":202,"hidden":true,"anchorPoint":{"pointX":0.5,"pointY":0.5}},"texture":"52403D220F92CEC8D38CBC511FBB73F5"}]}]},{"animations":[],"initialState":{"affineTransform":[1,0,0,1,0,0],"masksToBounds":false,"rotation":0,"scale":1,"position":{"pointX":512,"pointY":384},"width":1024,"sublayerTransform":[1,0,0,0,0,1,0,0,0,0,1,0,0,0,0,1],"contentsRect":{"y":0,"x":0,"width":1,"height":1},"opacity":1,"edgeAntialiasingMask":251658240,"height":768,"hidden":false,"anchorPoint":{"pointX":0.5,"pointY":0.5}},"layers":[{"animations":[],"initialState":{"affineTransform":[1,0,0,1,0,0],"masksToBounds":false,"rotation":0,"scale":1,"position":{"pointX":827.98565673828125,"pointY":354.23004150390625},"width":381,"sublayerTransform":[1,0,0,0,0,1,0,0,0,0,1,0,0,0,0,1],"contentsRect":{"y":0,"x":0,"width":1,"height":1},"opacity":1,"edgeAntialiasingMask":251658240,"height":539,"hidden":false,"anchorPoint":{"pointX":0.5,"pointY":0.5}},"layers":[{"animations":[],"layers":[],"texturedRectangle":{"singleTextureOpacity":1,"textXHeight":0,"shapePath":{"lineWidth":1,"flatness":0.59999999999999998,"lineCapStyle":0,"elements":[{"type":"MoveToPoint","points":[[77.550233009834301,13.73004150390625]]},{"type":"AddLine","points":[[303.80761611125945,13.73004150390625]]},{"type":"AddCurve","points":[[323.19421672181124,13.73004150390625],[334.82617708814223,13.73004150390625],[342.58081733236304,16.967499741013199]]},{"type":"AddCurve","points":[[353.75980142078424,21.036317198534036],[362.56591668818464,29.842432465934522],[366.63473414570558,41.021416554355781]]},{"type":"AddCurve","points":[[369.8721923828125,48.776056798576477],[369.8721923828125,60.408017164907534],[369.8721923828125,79.794617775459301]]},{"type":"AddLine","points":[[369.8721923828125,459.4931019511032]]},{"type":"AddCurve","points":[[369.8721923828125,478.87970256165499],[369.8721923828125,490.51166292798598],[366.63473414570558,498.26630317220668]]},{"type":"AddCurve","points":[[362.56591668818464,509.44528726062799],[353.75980142078424,518.25140252802839],[342.58081733236304,522.32021998554933]]},{"type":"AddCurve","points":[[334.82617708814223,525.55767822265625],[323.19421672181124,525.55767822265625],[303.80761611125945,525.55767822265625]]},{"type":"AddLine","points":[[77.550233009834301,525.55767822265625]]},{"type":"AddCurve","points":[[58.163632399282506,525.55767822265625],[46.531672032951519,525.55767822265625],[38.777031788730824,522.32021998554933]]},{"type":"AddCurve","points":[[27.598047700309507,518.25140252802839],[18.791932432908993,509.44528726062799],[14.723114975388171,498.26630317220679]]},{"type":"AddCurve","points":[[11.48565673828125,490.51166292798598],[11.48565673828125,478.87970256165499],[11.48565673828125,459.4931019511032]]},{"type":"AddLine","points":[[11.48565673828125,79.794617775459301]]},{"type":"AddCurve","points":[[11.48565673828125,60.408017164907534],[11.48565673828125,48.776056798576477],[14.723114975388171,41.021416554355781]]},{"type":"AddCurve","points":[[18.791932432908993,29.842432465934507],[27.598047700309507,21.036317198534022],[38.777031788730824,16.967499741013199]]},{"type":"AddCurve","points":[[46.531672032951519,13.73004150390625],[58.163632399282506,13.73004150390625],[77.550233009834301,13.73004150390625]]},{"type":"CloseSubpath"},{"type":"MoveToPoint","points":[[77.550233009834301,13.73004150390625]]}],"windingRule":0,"lineJoinStyle":0,"miterLimit":10},"isBackgroundTexture":true,"textBaseline":0,"isVerticalText":false,"textureType":5},"initialState":{"affineTransform":[1,0,0,1,0,0],"masksToBounds":false,"rotation":0,"scale":1,"position":{"pointX":179.01434326171875,"pointY":255.76995849609375},"width":381,"sublayerTransform":[1,0,0,0,0,1,0,0,0,0,1,0,0,0,0,1],"contentsRect":{"y":0,"x":0,"width":1,"height":1},"opacity":1,"edgeAntialiasingMask":0,"height":539,"hidden":false,"anchorPoint":{"pointX":0.5,"pointY":0.5}},"texture":"DC35E00BF1258AF75C3ED8EDB33B8379"}]}]},{"animations":[],"initialState":{"affineTransform":[1,0,0,1,0,0],"masksToBounds":false,"rotation":0,"scale":1,"position":{"pointX":512,"pointY":384},"width":1024,"sublayerTransform":[1,0,0,0,0,1,0,0,0,0,1,0,0,0,0,1],"contentsRect":{"y":0,"x":0,"width":1,"height":1},"opacity":1,"edgeAntialiasingMask":251658240,"height":768,"hidden":false,"anchorPoint":{"pointX":0.5,"pointY":0.5}},"layers":[{"animations":[],"initialState":{"affineTransform":[1,0,0,1,0,0],"masksToBounds":false,"rotation":0,"scale":1,"position":{"pointX":132.4581298828125,"pointY":373.93507385253906},"width":203,"sublayerTransform":[1,0,0,0,0,1,0,0,0,0,1,0,0,0,0,1],"contentsRect":{"y":0,"x":0,"width":1,"height":1},"opacity":1,"edgeAntialiasingMask":251658240,"height":546,"hidden":false,"anchorPoint":{"pointX":0.5,"pointY":0.5}},"layers":[{"animations":[],"layers":[],"texturedRectangle":{"isBackgroundTexture":true,"singleTextureOpacity":1,"textureType":5,"textBaseline":0,"textXHeight":0,"isVerticalText":false},"initialState":{"affineTransform":[1,0,0,1,0,0],"masksToBounds":false,"rotation":0,"scale":1,"position":{"pointX":99.5418701171875,"pointY":271.06492614746094},"width":203,"sublayerTransform":[1,0,0,0,0,1,0,0,0,0,1,0,0,0,0,1],"contentsRect":{"y":0,"x":0,"width":1,"height":1},"opacity":1,"edgeAntialiasingMask":0,"height":546,"hidden":false,"anchorPoint":{"pointX":0.5,"pointY":0.5}},"texture":"241155B08CFCC0DC5C39A71DABCCC14B"}]}]}]}},{"effects":[{"beginTime":0,"baseLayer":{"animations":[],"initialState":{"affineTransform":[1,0,0,1,0,0],"masksToBounds":false,"rotation":0,"scale":1,"position":{"pointX":512,"pointY":384},"width":1024,"sublayerTransform":[1,0,0,0,0,1,0,0,0,0,1,0,0,0,0,1],"contentsRect":{"y":0,"x":0,"width":1,"height":1},"opacity":1,"edgeAntialiasingMask":251658240,"height":768,"hidden":false,"anchorPoint":{"pointX":0.5,"pointY":0.5}},"objectID":"0","layers":[{"animations":[],"initialState":{"affineTransform":[1,0,0,1,0,0],"masksToBounds":false,"rotation":0,"scale":1,"position":{"pointX":512,"pointY":384},"width":1024,"sublayerTransform":[1,0,0,0,0,1,0,0,0,0,1,-0.00049229876906403734,0,0,0,1],"contentsRect":{"y":0,"x":0,"width":1,"height":1},"opacity":1,"edgeAntialiasingMask":251658240,"height":768,"hidden":false,"anchorPoint":{"pointX":0.5,"pointY":0.5}},"layers":[{"animations":[],"layers":[],"texturedRectangle":{"isBackgroundTexture":false,"singleTextureOpacity":1,"textureType":0,"textBaseline":0,"textXHeight":0,"isVerticalText":false},"initialState":{"affineTransform":[1,0,0,1,0,0],"masksToBounds":false,"rotation":0,"scale":1,"position":{"pointX":512,"pointY":384},"width":1024,"sublayerTransform":[1,0,0,0,0,1,0,0,0,0,1,0,0,0,0,1],"contentsRect":{"y":0,"x":0,"width":1,"height":1},"opacity":1,"edgeAntialiasingMask":0,"height":768,"hidden":false,"anchorPoint":{"pointX":0.5,"pointY":0.5}},"texture":"45936D92631C6E59265A33BD0D541BCC"},{"animations":[{"repeatCount":0,"removedOnCompletion":false,"from":{"scalar":1},"timingFunction":"EaseInEaseOut","additive":false,"timeOffset":0,"autoreverses":false,"property":"opacity","fillMode":"both","duration":1.5,"beginTime":0,"to":{"scalar":0}}],"layers":[],"texturedRectangle":{"isBackgroundTexture":false,"singleTextureOpacity":1,"textureType":0,"textBaseline":0,"textXHeight":0,"isVerticalText":false},"initialState":{"affineTransform":[1,0,0,1,0,0],"masksToBounds":false,"rotation":0,"scale":1,"position":{"pointX":512,"pointY":384},"width":1024,"sublayerTransform":[1,0,0,0,0,1,0,0,0,0,1,0,0,0,0,1],"contentsRect":{"y":0,"x":0,"width":1,"height":1},"opacity":1,"edgeAntialiasingMask":0,"height":768,"hidden":false,"anchorPoint":{"pointX":0.5,"pointY":0.5}},"texture":"3B0F383281FE77CA3A32C11D9C9AC11F"}]}]},"effects":[],"duration":1.5,"type":"transition","attributes":{"direction":0},"name":"apple:dissolve","objectID":"0"}],"automaticPlay":false,"hyperlinks":[],"accessibility":[{"text":"Security:\\u2028protocol state fuzzing","targetRectangle":{"y":575.72955125156648,"x":556.53084961492073,"width":217.06890963867647,"height":124.33398863185812}},{"text":"Learning as a game","targetRectangle":{"y":14.999999825850949,"x":34.9581298828125,"width":295.31999999999994,"height":39.999983787536621}},{"text":"10¢","targetRectangle":{"y":232.91307067871094,"x":462.6943359375,"width":34.992000000000019,"height":24.199990272521973}},{"text":"5¢","targetRectangle":{"y":180.25682067871094,"x":360.8773193359375,"width":23.327999999999975,"height":24.199990272521973}},{"text":"Language theory:\\u2028grammar inference,\\u2028regular extrapolation","targetRectangle":{"y":660.85843366816255,"x":374.3620857423233,"width":206.35083601105646,"height":86.956962367685151}},{"text":"parking-machine.png","targetRectangle":{"y":100.93507385253906,"x":30.9581298828125,"width":200,"height":543}},{"text":"5¢","targetRectangle":{"y":108.92604064941406,"x":510.6903076171875,"width":23.327999999999975,"height":24.199990272521973}},{"text":"Control theory:\\u2028system identification,\\u2028diagram inference","targetRectangle":{"y":492.41282349936677,"x":298.50493991890301,"width":229.46266355838077,"height":143.75767637853613}},{"text":"Verification: model-learning\\u2028(in contrast to model-checking)","targetRectangle":{"y":388.87772349535084,"x":299.47234911550015,"width":316.32410646219671,"height":77.768480860646775}},{"text":"10¢","targetRectangle":{"y":123.25682067871094,"x":348.8773193359375,"width":34.992000000000019,"height":24.199990272521973}},{"text":"parking\\u2028ticket!","targetRectangle":{"y":283.37461853027344,"x":440.30230712890625,"width":75.855999999999995,"height":53.199990272521973}},{"text":"\\u2028 MAT (Minimally Adequate Teacher)\\u2028\\u2028 Sometimes answering an\\u2028 equivalence query is not practical:\\u2028 if Teacher knew A0, he could pass\\u2028 this information directly to Learner,\\u2028 so why bothering querying?\\u2028\\u2028 Equivalence queries can however\\u2028 be approximated by a series of\\u2028 membership queries: as long as \\u2028 membership in A matches \\u2028 membership in A0, Learner\\u2028 assumes he made the correct guess.","targetRectangle":{"y":88.73004150390625,"x":641.48565673828125,"width":349.76292065983444,"height":430.19999095201638}},{"text":"This latter setting is often called\\u2028     Black-box learning","targetRectangle":{"y":523.73004218340066,"x":642.57140061302391,"width":291.32800000000009,"height":65.199990272521973}},{"text":"￼","targetRectangle":{"y":746.216064453125,"x":1012.2240000367165,"width":7.7759999999999536,"height":15.799993515014648}},{"text":"5¢","targetRectangle":{"y":196.17613220214844,"x":434.411865234375,"width":23.327999999999975,"height":24.199990272521973}}],"baseLayer":{"animations":[],"initialState":{"affineTransform":[1,0,0,1,0,0],"masksToBounds":false,"rotation":0,"scale":1,"position":{"pointX":512,"pointY":384},"width":1024,"sublayerTransform":[1,0,0,0,0,1,0,0,0,0,1,0,0,0,0,1],"contentsRect":{"y":0,"x":0,"width":1,"height":1},"opacity":1,"edgeAntialiasingMask":251658240,"height":768,"hidden":false,"anchorPoint":{"pointX":0.5,"pointY":0.5}},"objectID":"0","layers":[{"animations":[],"initialState":{"affineTransform":[1,0,0,1,0,0],"masksToBounds":false,"rotation":0,"scale":1,"position":{"pointX":512,"pointY":384},"width":1024,"sublayerTransform":[1,0,0,0,0,1,0,0,0,0,1,-0.00049229876906403734,0,0,0,1],"contentsRect":{"y":0,"x":0,"width":1,"height":1},"opacity":1,"edgeAntialiasingMask":251658240,"height":768,"hidden":false,"anchorPoint":{"pointX":0.5,"pointY":0.5}},"layers":[{"animations":[],"layers":[],"texturedRectangle":{"isBackgroundTexture":false,"singleTextureOpacity":1,"textureType":0,"textBaseline":0,"textXHeight":0,"isVerticalText":false},"initialState":{"affineTransform":[1,0,0,1,0,0],"masksToBounds":false,"rotation":0,"scale":1,"position":{"pointX":512,"pointY":384},"width":1024,"sublayerTransform":[1,0,0,0,0,1,0,0,0,0,1,0,0,0,0,1],"contentsRect":{"y":0,"x":0,"width":1,"height":1},"opacity":1,"edgeAntialiasingMask":0,"height":768,"hidden":false,"anchorPoint":{"pointX":0.5,"pointY":0.5}},"texture":"3B0F383281FE77CA3A32C11D9C9AC11F"}]}]}}]}