{"assets":{"731B5D9D05A3D014346F663843F1A16A":{"type":"texture","index":12,"assetRequest":{"type":"slide","state":"contents","slide":"none"},"url":{"native":"assets\/E4E8A6F6-89AC-4D44-8C78-B18DEDF2EF9D.pdf"},"width":510,"height":54},"4704F67D495986BB2BCB53A8C068A541":{"type":"texture","index":11,"assetRequest":{"type":"slide","state":"contents","slide":"none"},"url":{"native":"assets\/E4E8A6F6-89AC-4D44-8C78-B18DEDF2EF9D.pdf"},"width":341,"height":512},"94D25F2791C16287785E2933FE0ED975":{"type":"texture","index":5,"assetRequest":{"type":"slide","state":"contents","slide":"none"},"url":{"native":"assets\/E4E8A6F6-89AC-4D44-8C78-B18DEDF2EF9D.pdf"},"width":915,"height":31},"5CF9BFF093A79BD0A506ABBA790CCE6D":{"type":"texture","index":14,"assetRequest":{"type":"slide","state":"contents","slide":"none"},"url":{"native":"assets\/E4E8A6F6-89AC-4D44-8C78-B18DEDF2EF9D.pdf"},"width":1024,"height":768},"1B2909B75A57D8E1AF966A5289A947B5":{"type":"texture","index":3,"assetRequest":{"type":"slide","state":"contents","slide":"none"},"url":{"native":"assets\/E4E8A6F6-89AC-4D44-8C78-B18DEDF2EF9D.pdf"},"width":18,"height":14},"7A282CD3314A1F3808368DC23F660B78":{"type":"texture","index":8,"assetRequest":{"type":"slide","state":"contents","slide":"none"},"url":{"native":"assets\/E4E8A6F6-89AC-4D44-8C78-B18DEDF2EF9D.pdf"},"width":522,"height":137},"498E23C82CA78A4BCD7BA88E5243B6FC":{"type":"texture","index":0,"assetRequest":{"type":"slide","state":"contents","slide":"none"},"url":{"native":"assets\/E4E8A6F6-89AC-4D44-8C78-B18DEDF2EF9D.pdf"},"width":1024,"height":768},"81D6B599334E6F6F8708DDC4AB2AB810":{"type":"texture","index":4,"assetRequest":{"type":"slide","state":"contents","slide":"none"},"url":{"native":"assets\/E4E8A6F6-89AC-4D44-8C78-B18DEDF2EF9D.pdf"},"width":976,"height":86},"104302D27A15675F77ACD18A604B9AF6":{"type":"texture","index":2,"assetRequest":{"type":"slide","state":"contents","slide":"none"},"url":{"native":"assets\/E4E8A6F6-89AC-4D44-8C78-B18DEDF2EF9D.pdf"},"width":783,"height":43},"F3687BBAE536CFCBCEC285D81B5878FD":{"type":"texture","index":13,"assetRequest":{"type":"slide","state":"contents","slide":"none"},"url":{"native":"assets\/E4E8A6F6-89AC-4D44-8C78-B18DEDF2EF9D.pdf"},"width":1024,"height":768},"5D158E29E6EC3D91A04FA1BD8F469DA9":{"type":"texture","index":9,"assetRequest":{"type":"slide","state":"contents","slide":"none"},"url":{"native":"assets\/E4E8A6F6-89AC-4D44-8C78-B18DEDF2EF9D.pdf"},"width":602,"height":84},"724595B218688DB64F1D881CB89AF1F1":{"type":"texture","index":6,"assetRequest":{"type":"slide","state":"contents","slide":"none"},"url":{"native":"assets\/E4E8A6F6-89AC-4D44-8C78-B18DEDF2EF9D.pdf"},"width":329,"height":114},"0F5582BBD1986CD372EABCBC792F8411":{"type":"texture","index":10,"assetRequest":{"type":"slide","state":"contents","slide":"none"},"url":{"native":"assets\/E4E8A6F6-89AC-4D44-8C78-B18DEDF2EF9D.pdf"},"width":665,"height":53},"9EF544503F09D0BC843BDE860A597DC7":{"type":"texture","index":1,"assetRequest":{"type":"slide","state":"contents","slide":"none"},"url":{"native":"assets\/E4E8A6F6-89AC-4D44-8C78-B18DEDF2EF9D.pdf"},"width":1046,"height":101},"5E9B97D992E9E3433673E68E114E49C2":{"type":"texture","index":7,"assetRequest":{"type":"slide","state":"contents","slide":"none"},"url":{"native":"assets\/E4E8A6F6-89AC-4D44-8C78-B18DEDF2EF9D.pdf"},"width":537,"height":110}},"events":[{"effects":[{"beginTime":0,"baseLayer":{"animations":[],"initialState":{"affineTransform":[1,0,0,1,0,0],"masksToBounds":false,"rotation":0,"scale":1,"position":{"pointX":841.5343017578125,"pointY":467.90390014648438},"width":341,"sublayerTransform":[1,0,0,0,0,1,0,0,0,0,1,0,0,0,0,1],"contentsRect":{"y":0,"x":0,"width":1,"height":1},"opacity":1,"edgeAntialiasingMask":251658240,"height":512,"hidden":false,"anchorPoint":{"pointX":0.5,"pointY":0.5}},"objectID":"0BFE843D-9B4E-41BE-B3EF-D459CDCEBFB6","layers":[{"animations":[],"initialState":{"affineTransform":[1,0,0,1,0,0],"masksToBounds":false,"rotation":0,"scale":1,"position":{"pointX":-159.0343017578125,"pointY":172.09609985351562},"width":341,"sublayerTransform":[1,0,0,0,0,1,0,0,0,0,1,-0.00049229876906403734,0,0,0,1],"contentsRect":{"y":0,"x":0,"width":1,"height":1},"opacity":1,"edgeAntialiasingMask":251658240,"height":512,"hidden":false,"anchorPoint":{"pointX":-0.46637625148918621,"pointY":0.33612519502639771}},"layers":[{"animations":[{"additive":false,"timeOffset":0,"beginTime":1e-100,"repeatCount":0,"fillMode":"both","duration":1,"autoreverses":false,"animations":[{"repeatCount":0,"removedOnCompletion":true,"from":{"scalar":0},"timingFunction":"EaseInEaseOut","additive":false,"timeOffset":0,"autoreverses":false,"property":"opacity","fillMode":"both","duration":1,"beginTime":0,"to":{"scalar":1}},{"additive":false,"timeOffset":0,"beginTime":0,"from":{"scalar":false},"repeatCount":0,"fillMode":"forwards","duration":1,"autoreverses":false,"property":"hidden","to":{"scalar":false},"removedOnCompletion":true}],"removedOnCompletion":false}],"layers":[],"texturedRectangle":{"singleTextureOpacity":1,"textXHeight":0,"shapePath":{"lineWidth":1,"flatness":0.59999999999999998,"lineCapStyle":0,"elements":[{"type":"MoveToPoint","points":[[84.5343017578125,6.903900146484375]]},{"type":"AddCurve","points":[[57.981498718261719,6.9038976033528741],[36.4718017578125,28.413594563802093],[36.4718017578125,54.966400146484375]]},{"type":"AddLine","points":[[36.4718017578125,446.49765014648438]]},{"type":"AddCurve","points":[[36.471801181485262,452.51507377624512],[37.702858924865723,458.2198861440022],[39.7218017578125,463.52890014648438]]},{"type":"AddLine","points":[[4.0343017578125,505.49765014648438]]},{"type":"AddLine","points":[[54.8780517578125,484.09140014648438]]},{"type":"AddCurve","points":[[63.069574356079102,490.56825955708814],[73.280773162841797,494.59140014648438],[84.5343017578125,494.59140014648438]]},{"type":"AddLine","points":[[287.9718017578125,494.59140014648438]]},{"type":"AddCurve","points":[[314.52461751302076,494.59137980143237],[336.0343017578125,473.05045572916674],[336.0343017578125,446.49765014648438]]},{"type":"AddLine","points":[[336.0343017578125,54.966400146484375]]},{"type":"AddCurve","points":[[336.03431193033862,28.413597106933594],[314.52460734049487,6.903900146484375],[287.9718017578125,6.903900146484375]]},{"type":"AddLine","points":[[84.5343017578125,6.903900146484375]]},{"type":"CloseSubpath"},{"type":"MoveToPoint","points":[[84.5343017578125,6.903900146484375]]}],"windingRule":0,"lineJoinStyle":0,"miterLimit":10},"isBackgroundTexture":true,"textBaseline":0,"isVerticalText":false,"textureType":5},"initialState":{"affineTransform":[1,0,0,1,0,0],"masksToBounds":false,"rotation":0,"scale":1,"position":{"pointX":166.4656982421875,"pointY":249.09609985351562},"width":341,"sublayerTransform":[1,0,0,0,0,1,0,0,0,0,1,0,0,0,0,1],"contentsRect":{"y":0,"x":0,"width":1,"height":1},"opacity":1,"edgeAntialiasingMask":0,"height":512,"hidden":true,"anchorPoint":{"pointX":0.5,"pointY":0.5}},"texture":"4704F67D495986BB2BCB53A8C068A541"}]}]},"effects":[],"duration":1,"type":"buildIn","attributes":{"direction":0},"name":"apple:dissolve character","objectID":"0BFE843D-9B4E-41BE-B3EF-D459CDCEBFB6"}],"automaticPlay":false,"hyperlinks":[],"accessibility":[{"text":"Learner-strategy","targetRectangle":{"y":221.528564453125,"x":19.803689956665039,"width":197.304,"height":28}},{"text":"\\u2028S = T = {ε}","targetRectangle":{"y":249.528564453125,"x":37.803689956665039,"width":113.85599999999999,"height":40}},{"text":"loop  \/\/ S is T-minimal here","targetRectangle":{"y":306.528564453125,"x":37.803689956665039,"width":308.11199999999997,"height":28}},{"text":"Relativization to a test set T:         u ≈L0,T v     if     ∀ t ∈ T     u t ∈ L0  ↔  v t ∈ L0","targetRectangle":{"y":121.17977905273438,"x":49.885242462158203,"width":913.37771064138417,"height":36.95997788906152}},{"text":"Learning as a killer app of Myhill-Nerode theorem","targetRectangle":{"y":14.999999825850949,"x":34.9581298828125,"width":781.56000000000006,"height":39.999983787536621}},{"text":"                                             \/\/ Claim: S becomes T-incomplete\\u2028                                             \/\/ and will grow at next iteration…","targetRectangle":{"y":709.044189453125,"x":63.803680419921875,"width":663.55200000000002,"height":56}},{"text":"￼","targetRectangle":{"y":746.216064453125,"x":1004.4480004310608,"width":15.552000000000021,"height":15.799993515014648}},{"text":"\/\/ S is now T-minimal and T-complete","targetRectangle":{"y":463.044189453125,"x":55.803689956665039,"width":424.70400000000006,"height":28}},{"text":"A = DFA with state set S, initial state ε,\\u2028       final states  s’’  such that  Membership(s’’),\\u2028       transitions  δ(s,a) = s’ ≈L0,T s a      ","targetRectangle":{"y":491.044189453125,"x":55.803689956665039,"width":539.75200000000007,"height":84.000000178813934}},{"text":"while  S  NOT  T-complete","targetRectangle":{"y":351.52859497070312,"x":55.803689956665039,"width":288.07200000000012,"height":28}},{"text":"choose  s ∈ S  and  a ∈ Σ  such that  ∄s’∈S  s’ ≈L0,T s a","targetRectangle":{"y":379.52859497070312,"x":73.803689956665039,"width":579.65882397604003,"height":29.171875}},{"text":"S = S ∪ {s a}","targetRectangle":{"y":410.70437622070312,"x":73.803689956665039,"width":137.4895938692093,"height":29.171875}},{"text":"if Equivalence(A)","targetRectangle":{"y":597.044189453125,"x":55.803680419921875,"width":201.45600000000002,"height":28}},{"text":"return A","targetRectangle":{"y":625.044189453125,"x":73.803680419921875,"width":100.22399999999999,"height":28}},{"text":"else","targetRectangle":{"y":653.044189453125,"x":55.803680419921875,"width":44.567999999999998,"height":28}},{"text":"let w be the counter-example of equivalence","targetRectangle":{"y":681.044189453125,"x":73.803680419921875,"width":501.16800000000012,"height":28}},{"text":"T = T ∪ {suffixes of w}","targetRectangle":{"y":709.044189453125,"x":73.803680419921875,"width":250.17759375000003,"height":29.171875}},{"text":"                                       \/\/ this surely happens","targetRectangle":{"y":597.044189453125,"x":55.803680419921875,"width":485.15999999999997,"height":28}},{"text":"                                    \/\/ when |S| = index(∼L0)","targetRectangle":{"y":625.044189453125,"x":73.803680419921875,"width":489.61454217290873,"height":29.171875}}],"baseLayer":{"animations":[],"initialState":{"affineTransform":[1,0,0,1,0,0],"masksToBounds":false,"rotation":0,"scale":1,"position":{"pointX":512,"pointY":384},"width":1024,"sublayerTransform":[1,0,0,0,0,1,0,0,0,0,1,0,0,0,0,1],"contentsRect":{"y":0,"x":0,"width":1,"height":1},"opacity":1,"edgeAntialiasingMask":251658240,"height":768,"hidden":false,"anchorPoint":{"pointX":0.5,"pointY":0.5}},"layers":[{"animations":[],"initialState":{"affineTransform":[1,0,0,1,0,0],"masksToBounds":false,"rotation":0,"scale":1,"position":{"pointX":512,"pointY":384},"width":1024,"sublayerTransform":[1,0,0,0,0,1,0,0,0,0,1,0,0,0,0,1],"contentsRect":{"y":0,"x":0,"width":1,"height":1},"opacity":1,"edgeAntialiasingMask":251658240,"height":768,"hidden":false,"anchorPoint":{"pointX":0.5,"pointY":0.5}},"layers":[{"animations":[],"initialState":{"affineTransform":[1,0,0,1,0,0],"masksToBounds":false,"rotation":0,"scale":1,"position":{"pointX":512,"pointY":384},"width":1024,"sublayerTransform":[1,0,0,0,0,1,0,0,0,0,1,0,0,0,0,1],"contentsRect":{"y":0,"x":0,"width":1,"height":1},"opacity":1,"edgeAntialiasingMask":251658240,"height":768,"hidden":false,"anchorPoint":{"pointX":0.5,"pointY":0.5}},"layers":[{"animations":[],"layers":[],"texturedRectangle":{"isBackgroundTexture":true,"singleTextureOpacity":1,"textureType":1,"textBaseline":0,"textXHeight":0,"isVerticalText":false},"initialState":{"affineTransform":[1,0,0,1,0,0],"masksToBounds":false,"rotation":0,"scale":1,"position":{"pointX":512,"pointY":384},"width":1024,"sublayerTransform":[1,0,0,0,0,1,0,0,0,0,1,0,0,0,0,1],"contentsRect":{"y":0,"x":0,"width":1,"height":1},"opacity":1,"edgeAntialiasingMask":0,"height":768,"hidden":false,"anchorPoint":{"pointX":0.5,"pointY":0.5}},"texture":"498E23C82CA78A4BCD7BA88E5243B6FC"}]}]},{"animations":[],"initialState":{"affineTransform":[1,0,0,1,0,0],"masksToBounds":false,"rotation":0,"scale":1,"position":{"pointX":512,"pointY":384},"width":1024,"sublayerTransform":[1,0,0,0,0,1,0,0,0,0,1,0,0,0,0,1],"contentsRect":{"y":0,"x":0,"width":1,"height":1},"opacity":1,"edgeAntialiasingMask":251658240,"height":768,"hidden":false,"anchorPoint":{"pointX":0.5,"pointY":0.5}},"layers":[{"animations":[],"initialState":{"affineTransform":[1,0,0,1,0,0],"masksToBounds":false,"rotation":0,"scale":1,"position":{"pointX":523,"pointY":50.5},"width":1046,"sublayerTransform":[1,0,0,0,0,1,0,0,0,0,1,0,0,0,0,1],"contentsRect":{"y":0,"x":0,"width":1,"height":1},"opacity":1,"edgeAntialiasingMask":251658240,"height":101,"hidden":false,"anchorPoint":{"pointX":0.5,"pointY":0.5}},"layers":[{"animations":[],"layers":[],"texturedRectangle":{"singleTextureOpacity":1,"textXHeight":0,"shapePath":{"lineWidth":1,"flatness":0.59999999999999998,"lineCapStyle":0,"elements":[{"type":"MoveToPoint","points":[[11,16]]},{"type":"AddLine","points":[[1034.9999771118164,16]]},{"type":"AddLine","points":[[1034.9999771118164,85.584518671035767]]},{"type":"AddLine","points":[[11,85.584518671035767]]},{"type":"CloseSubpath"},{"type":"MoveToPoint","points":[[11,16]]}],"windingRule":0,"lineJoinStyle":0,"miterLimit":10},"isBackgroundTexture":true,"textBaseline":0,"isVerticalText":false,"textureType":5},"initialState":{"affineTransform":[1,0,0,1,0,0],"masksToBounds":false,"rotation":0,"scale":1,"position":{"pointX":512,"pointY":34.5},"width":1046,"sublayerTransform":[1,0,0,0,0,1,0,0,0,0,1,0,0,0,0,1],"contentsRect":{"y":0,"x":0,"width":1,"height":1},"opacity":1,"edgeAntialiasingMask":0,"height":101,"hidden":false,"anchorPoint":{"pointX":0.5,"pointY":0.5}},"texture":"9EF544503F09D0BC843BDE860A597DC7"}]}]},{"animations":[],"initialState":{"affineTransform":[1,0,0,1,0,0],"masksToBounds":false,"rotation":0,"scale":1,"position":{"pointX":512,"pointY":384},"width":1024,"sublayerTransform":[1,0,0,0,0,1,0,0,0,0,1,0,0,0,0,1],"contentsRect":{"y":0,"x":0,"width":1,"height":1},"opacity":1,"edgeAntialiasingMask":251658240,"height":768,"hidden":false,"anchorPoint":{"pointX":0.5,"pointY":0.5}},"layers":[{"animations":[],"initialState":{"affineTransform":[1,0,0,1,0,0],"masksToBounds":false,"rotation":0,"scale":1,"position":{"pointX":422.4581298828125,"pointY":21.499999825850949},"width":783,"sublayerTransform":[1,0,0,0,0,1,0,0,0,0,1,0,0,0,0,1],"contentsRect":{"y":0,"x":0,"width":1,"height":1},"opacity":1,"edgeAntialiasingMask":251658240,"height":43,"hidden":false,"anchorPoint":{"pointX":0.5,"pointY":0.5}},"layers":[{"animations":[],"layers":[],"texturedRectangle":{"singleTextureOpacity":1,"textXHeight":0.36279069767441857,"textBaseline":0.72092933305233542,"isBackgroundTexture":true,"isVerticalText":false,"textColor":[0.1407814621925354,0.29488536715507507,0.40415626764297485,1],"textureType":6},"initialState":{"affineTransform":[1,0,0,1,0,0],"masksToBounds":false,"rotation":0,"scale":1,"position":{"pointX":394.5418701171875,"pointY":34.500000174149051},"width":783,"sublayerTransform":[1,0,0,0,0,1,0,0,0,0,1,0,0,0,0,1],"contentsRect":{"y":0,"x":0,"width":1,"height":1},"opacity":1,"edgeAntialiasingMask":0,"height":43,"hidden":false,"anchorPoint":{"pointX":0.5,"pointY":0.5}},"texture":"104302D27A15675F77ACD18A604B9AF6"}]}]},{"animations":[],"initialState":{"affineTransform":[1,0,0,1,0,0],"masksToBounds":false,"rotation":0,"scale":1,"position":{"pointX":512,"pointY":384},"width":1024,"sublayerTransform":[1,0,0,0,0,1,0,0,0,0,1,0,0,0,0,1],"contentsRect":{"y":0,"x":0,"width":1,"height":1},"opacity":1,"edgeAntialiasingMask":251658240,"height":768,"hidden":false,"anchorPoint":{"pointX":0.5,"pointY":0.5}},"layers":[{"animations":[],"initialState":{"affineTransform":[1,0,0,1,0,0],"masksToBounds":false,"rotation":0,"scale":1,"position":{"pointX":1008.4480004310608,"pointY":749.216064453125},"width":18,"sublayerTransform":[1,0,0,0,0,1,0,0,0,0,1,0,0,0,0,1],"contentsRect":{"y":0,"x":0,"width":1,"height":1},"opacity":1,"edgeAntialiasingMask":251658240,"height":14,"hidden":false,"anchorPoint":{"pointX":0.5,"pointY":0.5}},"layers":[{"animations":[],"layers":[],"texturedRectangle":{"singleTextureOpacity":1,"textXHeight":0.44571428571428573,"textBaseline":0.82971778937748497,"isBackgroundTexture":true,"isVerticalText":false,"textColor":[0.088108323514461517,0.30914700031280518,0.52607470750808716,1],"textureType":6},"initialState":{"affineTransform":[1,0,0,1,0,0],"masksToBounds":false,"rotation":0,"scale":1,"position":{"pointX":12.551999568939209,"pointY":10.783935546875},"width":18,"sublayerTransform":[1,0,0,0,0,1,0,0,0,0,1,0,0,0,0,1],"contentsRect":{"y":0,"x":0,"width":1,"height":1},"opacity":1,"edgeAntialiasingMask":0,"height":14,"hidden":false,"anchorPoint":{"pointX":0.5,"pointY":0.5}},"texture":"1B2909B75A57D8E1AF966A5289A947B5"}]}]},{"animations":[],"initialState":{"affineTransform":[1,0,0,1,0,0],"masksToBounds":false,"rotation":0,"scale":1,"position":{"pointX":512,"pointY":384},"width":1024,"sublayerTransform":[1,0,0,0,0,1,0,0,0,0,1,0,0,0,0,1],"contentsRect":{"y":0,"x":0,"width":1,"height":1},"opacity":1,"edgeAntialiasingMask":251658240,"height":768,"hidden":false,"anchorPoint":{"pointX":0.5,"pointY":0.5}},"layers":[{"animations":[],"initialState":{"affineTransform":[1,0,0,1,0,0],"masksToBounds":false,"rotation":0,"scale":1,"position":{"pointX":513.80369033668921,"pointY":141.29486694191391},"width":976,"sublayerTransform":[1,0,0,0,0,1,0,0,0,0,1,0,0,0,0,1],"contentsRect":{"y":0,"x":0,"width":1,"height":1},"opacity":1,"edgeAntialiasingMask":251658240,"height":86,"hidden":false,"anchorPoint":{"pointX":0.5,"pointY":0.5}},"layers":[{"animations":[],"layers":[],"texturedRectangle":{"singleTextureOpacity":1,"textXHeight":0,"shapePath":{"lineWidth":1,"flatness":0.59999999999999998,"lineCapStyle":0,"elements":[{"type":"MoveToPoint","points":[[7.4605445861815802,6.9517211914062926]]},{"type":"AddLine","points":[[968.53946304321289,6.9517211914062926]]},{"type":"AddLine","points":[[968.53946304321289,78.367813110351562]]},{"type":"AddLine","points":[[7.4605445861815802,78.367813110351562]]},{"type":"CloseSubpath"},{"type":"MoveToPoint","points":[[7.4605445861815802,6.9517211914062926]]}],"windingRule":0,"lineJoinStyle":0,"miterLimit":10},"isBackgroundTexture":true,"textBaseline":0,"isVerticalText":false,"textureType":5},"initialState":{"affineTransform":[1,0,0,1,0,0],"masksToBounds":false,"rotation":0,"scale":1,"position":{"pointX":486.19630966331079,"pointY":41.705133058086091},"width":976,"sublayerTransform":[1,0,0,0,0,1,0,0,0,0,1,0,0,0,0,1],"contentsRect":{"y":0,"x":0,"width":1,"height":1},"opacity":1,"edgeAntialiasingMask":0,"height":86,"hidden":false,"anchorPoint":{"pointX":0.5,"pointY":0.5}},"texture":"81D6B599334E6F6F8708DDC4AB2AB810"}]}]},{"animations":[],"initialState":{"affineTransform":[1,0,0,1,0,0],"masksToBounds":false,"rotation":0,"scale":1,"position":{"pointX":512,"pointY":384},"width":1024,"sublayerTransform":[1,0,0,0,0,1,0,0,0,0,1,0,0,0,0,1],"contentsRect":{"y":0,"x":0,"width":1,"height":1},"opacity":1,"edgeAntialiasingMask":251658240,"height":768,"hidden":false,"anchorPoint":{"pointX":0.5,"pointY":0.5}},"layers":[{"animations":[],"initialState":{"affineTransform":[1,0,0,1,0,0],"masksToBounds":false,"rotation":0,"scale":1,"position":{"pointX":503.3852424621582,"pointY":132.67977905273438},"width":915,"sublayerTransform":[1,0,0,0,0,1,0,0,0,0,1,0,0,0,0,1],"contentsRect":{"y":0,"x":0,"width":1,"height":1},"opacity":1,"edgeAntialiasingMask":251658240,"height":31,"hidden":false,"anchorPoint":{"pointX":0.5,"pointY":0.5}},"layers":[{"animations":[],"layers":[],"texturedRectangle":{"singleTextureOpacity":1,"textXHeight":0.40258064516129033,"textBaseline":0.78515286599436118,"isBackgroundTexture":true,"isVerticalText":false,"textColor":[0,0,0,1],"textureType":6},"initialState":{"affineTransform":[1,0,0,1,0,0],"masksToBounds":false,"rotation":0,"scale":1,"position":{"pointX":460.6147575378418,"pointY":23.320220947265625},"width":915,"sublayerTransform":[1,0,0,0,0,1,0,0,0,0,1,0,0,0,0,1],"contentsRect":{"y":0,"x":0,"width":1,"height":1},"opacity":1,"edgeAntialiasingMask":0,"height":31,"hidden":false,"anchorPoint":{"pointX":0.5,"pointY":0.5}},"texture":"94D25F2791C16287785E2933FE0ED975"}]}]},{"animations":[],"initialState":{"affineTransform":[1,0,0,1,0,0],"masksToBounds":false,"rotation":0,"scale":1,"position":{"pointX":512,"pointY":384},"width":1024,"sublayerTransform":[1,0,0,0,0,1,0,0,0,0,1,0,0,0,0,1],"contentsRect":{"y":0,"x":0,"width":1,"height":1},"opacity":1,"edgeAntialiasingMask":251658240,"height":768,"hidden":false,"anchorPoint":{"pointX":0.5,"pointY":0.5}},"layers":[{"animations":[],"initialState":{"affineTransform":[1,0,0,1,0,0],"masksToBounds":false,"rotation":0,"scale":1,"position":{"pointX":180.30368995666504,"pointY":274.528564453125},"width":329,"sublayerTransform":[1,0,0,0,0,1,0,0,0,0,1,0,0,0,0,1],"contentsRect":{"y":0,"x":0,"width":1,"height":1},"opacity":1,"edgeAntialiasingMask":251658240,"height":114,"hidden":false,"anchorPoint":{"pointX":0.5,"pointY":0.5}},"layers":[{"animations":[],"layers":[],"texturedRectangle":{"singleTextureOpacity":1,"textXHeight":0.10547368421052633,"textBaseline":0.9432330215186403,"isBackgroundTexture":true,"isVerticalText":false,"textColor":[0.78597170114517212,0.14701360464096069,0.022383561357855797,1],"textureType":6},"initialState":{"affineTransform":[1,0,0,1,0,0],"masksToBounds":false,"rotation":0,"scale":1,"position":{"pointX":166.69631004333496,"pointY":60.471435546875},"width":329,"sublayerTransform":[1,0,0,0,0,1,0,0,0,0,1,0,0,0,0,1],"contentsRect":{"y":0,"x":0,"width":1,"height":1},"opacity":1,"edgeAntialiasingMask":0,"height":114,"hidden":false,"anchorPoint":{"pointX":0.5,"pointY":0.5}},"texture":"724595B218688DB64F1D881CB89AF1F1"}]}]},{"animations":[],"initialState":{"affineTransform":[1,0,0,1,0,0],"masksToBounds":false,"rotation":0,"scale":1,"position":{"pointX":512,"pointY":384},"width":1024,"sublayerTransform":[1,0,0,0,0,1,0,0,0,0,1,0,0,0,0,1],"contentsRect":{"y":0,"x":0,"width":1,"height":1},"opacity":1,"edgeAntialiasingMask":251658240,"height":768,"hidden":false,"anchorPoint":{"pointX":0.5,"pointY":0.5}},"layers":[{"animations":[],"initialState":{"affineTransform":[1,0,0,1,0,0],"masksToBounds":false,"rotation":0,"scale":1,"position":{"pointX":284.30368995666504,"pointY":514.044189453125},"width":537,"sublayerTransform":[1,0,0,0,0,1,0,0,0,0,1,0,0,0,0,1],"contentsRect":{"y":0,"x":0,"width":1,"height":1},"opacity":1,"edgeAntialiasingMask":251658240,"height":110,"hidden":false,"anchorPoint":{"pointX":0.5,"pointY":0.5}},"layers":[{"animations":[],"layers":[],"texturedRectangle":{"singleTextureOpacity":1,"textXHeight":0.10930909090909091,"textBaseline":0.92767444957386369,"isBackgroundTexture":true,"isVerticalText":false,"textColor":[0.65252357721328735,0.667336106300354,0.66081053018569946,1],"textureType":6},"initialState":{"affineTransform":[1,0,0,1,0,0],"masksToBounds":false,"rotation":0,"scale":1,"position":{"pointX":305.69631004333496,"pointY":62.955810546875},"width":537,"sublayerTransform":[1,0,0,0,0,1,0,0,0,0,1,0,0,0,0,1],"contentsRect":{"y":0,"x":0,"width":1,"height":1},"opacity":1,"edgeAntialiasingMask":0,"height":110,"hidden":false,"anchorPoint":{"pointX":0.5,"pointY":0.5}},"texture":"5E9B97D992E9E3433673E68E114E49C2"}]}]},{"animations":[],"initialState":{"affineTransform":[1,0,0,1,0,0],"masksToBounds":false,"rotation":0,"scale":1,"position":{"pointX":512,"pointY":384},"width":1024,"sublayerTransform":[1,0,0,0,0,1,0,0,0,0,1,0,0,0,0,1],"contentsRect":{"y":0,"x":0,"width":1,"height":1},"opacity":1,"edgeAntialiasingMask":251658240,"height":768,"hidden":false,"anchorPoint":{"pointX":0.5,"pointY":0.5}},"layers":[{"animations":[],"initialState":{"affineTransform":[1,0,0,1,0,0],"masksToBounds":false,"rotation":0,"scale":1,"position":{"pointX":276.80368041992188,"pointY":661.544189453125},"width":522,"sublayerTransform":[1,0,0,0,0,1,0,0,0,0,1,0,0,0,0,1],"contentsRect":{"y":0,"x":0,"width":1,"height":1},"opacity":1,"edgeAntialiasingMask":251658240,"height":137,"hidden":false,"anchorPoint":{"pointX":0.5,"pointY":0.5}},"layers":[{"animations":[],"layers":[],"texturedRectangle":{"singleTextureOpacity":1,"textXHeight":0.087766423357664242,"textBaseline":0.94922766024178828,"isBackgroundTexture":true,"isVerticalText":false,"textColor":[0,0,0,1],"textureType":6},"initialState":{"affineTransform":[1,0,0,1,0,0],"masksToBounds":false,"rotation":0,"scale":1,"position":{"pointX":299.19631958007812,"pointY":76.455810546875},"width":522,"sublayerTransform":[1,0,0,0,0,1,0,0,0,0,1,0,0,0,0,1],"contentsRect":{"y":0,"x":0,"width":1,"height":1},"opacity":1,"edgeAntialiasingMask":0,"height":137,"hidden":false,"anchorPoint":{"pointX":0.5,"pointY":0.5}},"texture":"7A282CD3314A1F3808368DC23F660B78"}]}]},{"animations":[],"initialState":{"affineTransform":[1,0,0,1,0,0],"masksToBounds":false,"rotation":0,"scale":1,"position":{"pointX":512,"pointY":384},"width":1024,"sublayerTransform":[1,0,0,0,0,1,0,0,0,0,1,0,0,0,0,1],"contentsRect":{"y":0,"x":0,"width":1,"height":1},"opacity":1,"edgeAntialiasingMask":251658240,"height":768,"hidden":false,"anchorPoint":{"pointX":0.5,"pointY":0.5}},"layers":[{"animations":[],"initialState":{"affineTransform":[1,0,0,1,0,0],"masksToBounds":false,"rotation":0,"scale":1,"position":{"pointX":316.80368995666504,"pointY":389.52859497070312},"width":602,"sublayerTransform":[1,0,0,0,0,1,0,0,0,0,1,0,0,0,0,1],"contentsRect":{"y":0,"x":0,"width":1,"height":1},"opacity":1,"edgeAntialiasingMask":251658240,"height":84,"hidden":false,"anchorPoint":{"pointX":0.5,"pointY":0.5}},"layers":[{"animations":[],"layers":[],"texturedRectangle":{"singleTextureOpacity":1,"textXHeight":0.14314285714285716,"textBaseline":0.92505209786551335,"isBackgroundTexture":true,"isVerticalText":false,"textColor":[0,0,0,1],"textureType":6},"initialState":{"affineTransform":[1,0,0,1,0,0],"masksToBounds":false,"rotation":0,"scale":1,"position":{"pointX":338.19631004333496,"pointY":49.471405029296875},"width":602,"sublayerTransform":[1,0,0,0,0,1,0,0,0,0,1,0,0,0,0,1],"contentsRect":{"y":0,"x":0,"width":1,"height":1},"opacity":1,"edgeAntialiasingMask":0,"height":84,"hidden":false,"anchorPoint":{"pointX":0.5,"pointY":0.5}},"texture":"5D158E29E6EC3D91A04FA1BD8F469DA9"}]}]},{"animations":[],"initialState":{"affineTransform":[1,0,0,1,0,0],"masksToBounds":false,"rotation":0,"scale":1,"position":{"pointX":512,"pointY":384},"width":1024,"sublayerTransform":[1,0,0,0,0,1,0,0,0,0,1,0,0,0,0,1],"contentsRect":{"y":0,"x":0,"width":1,"height":1},"opacity":1,"edgeAntialiasingMask":251658240,"height":768,"hidden":false,"anchorPoint":{"pointX":0.5,"pointY":0.5}},"layers":[{"animations":[],"initialState":{"affineTransform":[1,0,0,1,0,0],"masksToBounds":false,"rotation":0,"scale":1,"position":{"pointX":338.30368041992188,"pointY":731.544189453125},"width":665,"sublayerTransform":[1,0,0,0,0,1,0,0,0,0,1,0,0,0,0,1],"contentsRect":{"y":0,"x":0,"width":1,"height":1},"opacity":1,"edgeAntialiasingMask":251658240,"height":53,"hidden":false,"anchorPoint":{"pointX":0.5,"pointY":0.5}},"layers":[{"animations":[],"layers":[],"texturedRectangle":{"singleTextureOpacity":1,"textXHeight":0.2268679245283019,"textBaseline":0.86875829156839623,"isBackgroundTexture":true,"isVerticalText":false,"textColor":[0,0,0,1],"textureType":6},"initialState":{"affineTransform":[1,0,0,1,0,0],"masksToBounds":false,"rotation":0,"scale":1,"position":{"pointX":388.69631958007812,"pointY":34.455810546875},"width":665,"sublayerTransform":[1,0,0,0,0,1,0,0,0,0,1,0,0,0,0,1],"contentsRect":{"y":0,"x":0,"width":1,"height":1},"opacity":1,"edgeAntialiasingMask":0,"height":53,"hidden":false,"anchorPoint":{"pointX":0.5,"pointY":0.5}},"texture":"0F5582BBD1986CD372EABCBC792F8411"}]}]},{"animations":[],"initialState":{"affineTransform":[1,0,0,1,0,0],"masksToBounds":false,"rotation":0,"scale":1,"position":{"pointX":512,"pointY":384},"width":1024,"sublayerTransform":[1,0,0,0,0,1,0,0,0,0,1,0,0,0,0,1],"contentsRect":{"y":0,"x":0,"width":1,"height":1},"opacity":1,"edgeAntialiasingMask":251658240,"height":768,"hidden":false,"anchorPoint":{"pointX":0.5,"pointY":0.5}},"layers":[{"animations":[],"initialState":{"affineTransform":[1,0,0,1,0,0],"masksToBounds":false,"rotation":0,"scale":1,"position":{"pointX":841.5343017578125,"pointY":467.90390014648438},"width":341,"sublayerTransform":[1,0,0,0,0,1,0,0,0,0,1,0,0,0,0,1],"contentsRect":{"y":0,"x":0,"width":1,"height":1},"opacity":1,"edgeAntialiasingMask":251658240,"height":512,"hidden":false,"anchorPoint":{"pointX":0.5,"pointY":0.5}},"objectID":"0BFE843D-9B4E-41BE-B3EF-D459CDCEBFB6","layers":[{"animations":[],"layers":[],"texturedRectangle":{"singleTextureOpacity":1,"textXHeight":0,"shapePath":{"lineWidth":1,"flatness":0.59999999999999998,"lineCapStyle":0,"elements":[{"type":"MoveToPoint","points":[[84.5343017578125,6.903900146484375]]},{"type":"AddCurve","points":[[57.981498718261719,6.9038976033528741],[36.4718017578125,28.413594563802093],[36.4718017578125,54.966400146484375]]},{"type":"AddLine","points":[[36.4718017578125,446.49765014648438]]},{"type":"AddCurve","points":[[36.471801181485262,452.51507377624512],[37.702858924865723,458.2198861440022],[39.7218017578125,463.52890014648438]]},{"type":"AddLine","points":[[4.0343017578125,505.49765014648438]]},{"type":"AddLine","points":[[54.8780517578125,484.09140014648438]]},{"type":"AddCurve","points":[[63.069574356079102,490.56825955708814],[73.280773162841797,494.59140014648438],[84.5343017578125,494.59140014648438]]},{"type":"AddLine","points":[[287.9718017578125,494.59140014648438]]},{"type":"AddCurve","points":[[314.52461751302076,494.59137980143237],[336.0343017578125,473.05045572916674],[336.0343017578125,446.49765014648438]]},{"type":"AddLine","points":[[336.0343017578125,54.966400146484375]]},{"type":"AddCurve","points":[[336.03431193033862,28.413597106933594],[314.52460734049487,6.903900146484375],[287.9718017578125,6.903900146484375]]},{"type":"AddLine","points":[[84.5343017578125,6.903900146484375]]},{"type":"CloseSubpath"},{"type":"MoveToPoint","points":[[84.5343017578125,6.903900146484375]]}],"windingRule":0,"lineJoinStyle":0,"miterLimit":10},"isBackgroundTexture":true,"textBaseline":0,"isVerticalText":false,"textureType":5},"initialState":{"affineTransform":[1,0,0,1,0,0],"masksToBounds":false,"rotation":0,"scale":1,"position":{"pointX":166.4656982421875,"pointY":249.09609985351562},"width":341,"sublayerTransform":[1,0,0,0,0,1,0,0,0,0,1,0,0,0,0,1],"contentsRect":{"y":0,"x":0,"width":1,"height":1},"opacity":1,"edgeAntialiasingMask":0,"height":512,"hidden":true,"anchorPoint":{"pointX":0.5,"pointY":0.5}},"texture":"4704F67D495986BB2BCB53A8C068A541"}]}]},{"animations":[],"initialState":{"affineTransform":[1,0,0,1,0,0],"masksToBounds":false,"rotation":0,"scale":1,"position":{"pointX":512,"pointY":384},"width":1024,"sublayerTransform":[1,0,0,0,0,1,0,0,0,0,1,0,0,0,0,1],"contentsRect":{"y":0,"x":0,"width":1,"height":1},"opacity":1,"edgeAntialiasingMask":251658240,"height":768,"hidden":false,"anchorPoint":{"pointX":0.5,"pointY":0.5}},"layers":[{"animations":[],"initialState":{"affineTransform":[1,0,0,1,0,0],"masksToBounds":false,"rotation":0,"scale":1,"position":{"pointX":270.80368041992188,"pointY":620.044189453125},"width":510,"sublayerTransform":[1,0,0,0,0,1,0,0,0,0,1,0,0,0,0,1],"contentsRect":{"y":0,"x":0,"width":1,"height":1},"opacity":1,"edgeAntialiasingMask":251658240,"height":54,"hidden":false,"anchorPoint":{"pointX":0.5,"pointY":0.5}},"layers":[{"animations":[],"layers":[],"texturedRectangle":{"singleTextureOpacity":1,"textXHeight":0.22266666666666668,"textBaseline":0.85267017505787035,"isBackgroundTexture":true,"isVerticalText":false,"textColor":[0,0,0,1],"textureType":6},"initialState":{"affineTransform":[1,0,0,1,0,0],"masksToBounds":false,"rotation":0,"scale":1,"position":{"pointX":294.19631958007812,"pointY":34.955810546875},"width":510,"sublayerTransform":[1,0,0,0,0,1,0,0,0,0,1,0,0,0,0,1],"contentsRect":{"y":0,"x":0,"width":1,"height":1},"opacity":1,"edgeAntialiasingMask":0,"height":54,"hidden":false,"anchorPoint":{"pointX":0.5,"pointY":0.5}},"texture":"731B5D9D05A3D014346F663843F1A16A"}]}]}]}},{"effects":[{"beginTime":0,"baseLayer":{"animations":[],"initialState":{"affineTransform":[1,0,0,1,0,0],"masksToBounds":false,"rotation":0,"scale":1,"position":{"pointX":512,"pointY":384},"width":1024,"sublayerTransform":[1,0,0,0,0,1,0,0,0,0,1,0,0,0,0,1],"contentsRect":{"y":0,"x":0,"width":1,"height":1},"opacity":1,"edgeAntialiasingMask":251658240,"height":768,"hidden":false,"anchorPoint":{"pointX":0.5,"pointY":0.5}},"objectID":"0","layers":[{"animations":[],"initialState":{"affineTransform":[1,0,0,1,0,0],"masksToBounds":false,"rotation":0,"scale":1,"position":{"pointX":512,"pointY":384},"width":1024,"sublayerTransform":[1,0,0,0,0,1,0,0,0,0,1,-0.00049229876906403734,0,0,0,1],"contentsRect":{"y":0,"x":0,"width":1,"height":1},"opacity":1,"edgeAntialiasingMask":251658240,"height":768,"hidden":false,"anchorPoint":{"pointX":0.5,"pointY":0.5}},"layers":[{"animations":[],"layers":[],"texturedRectangle":{"isBackgroundTexture":false,"singleTextureOpacity":1,"textureType":0,"textBaseline":0,"textXHeight":0,"isVerticalText":false},"initialState":{"affineTransform":[1,0,0,1,0,0],"masksToBounds":false,"rotation":0,"scale":1,"position":{"pointX":512,"pointY":384},"width":1024,"sublayerTransform":[1,0,0,0,0,1,0,0,0,0,1,0,0,0,0,1],"contentsRect":{"y":0,"x":0,"width":1,"height":1},"opacity":1,"edgeAntialiasingMask":0,"height":768,"hidden":false,"anchorPoint":{"pointX":0.5,"pointY":0.5}},"texture":"5CF9BFF093A79BD0A506ABBA790CCE6D"},{"animations":[{"repeatCount":0,"removedOnCompletion":false,"from":{"scalar":1},"timingFunction":"EaseInEaseOut","additive":false,"timeOffset":0,"autoreverses":false,"property":"opacity","fillMode":"both","duration":1.5,"beginTime":0,"to":{"scalar":0}}],"layers":[],"texturedRectangle":{"isBackgroundTexture":false,"singleTextureOpacity":1,"textureType":0,"textBaseline":0,"textXHeight":0,"isVerticalText":false},"initialState":{"affineTransform":[1,0,0,1,0,0],"masksToBounds":false,"rotation":0,"scale":1,"position":{"pointX":512,"pointY":384},"width":1024,"sublayerTransform":[1,0,0,0,0,1,0,0,0,0,1,0,0,0,0,1],"contentsRect":{"y":0,"x":0,"width":1,"height":1},"opacity":1,"edgeAntialiasingMask":0,"height":768,"hidden":false,"anchorPoint":{"pointX":0.5,"pointY":0.5}},"texture":"F3687BBAE536CFCBCEC285D81B5878FD"}]}]},"effects":[],"duration":1.5,"type":"transition","attributes":{"direction":0},"name":"apple:dissolve","objectID":"0"}],"automaticPlay":false,"hyperlinks":[],"accessibility":[{"text":"Learner-strategy","targetRectangle":{"y":221.528564453125,"x":19.803689956665039,"width":197.304,"height":28}},{"text":"\\u2028S = T = {ε}","targetRectangle":{"y":249.528564453125,"x":37.803689956665039,"width":113.85599999999999,"height":40}},{"text":"loop  \/\/ S is T-minimal here","targetRectangle":{"y":306.528564453125,"x":37.803689956665039,"width":308.11199999999997,"height":28}},{"text":"Relativization to a test set T:         u ≈L0,T v     if     ∀ t ∈ T     u t ∈ L0  ↔  v t ∈ L0","targetRectangle":{"y":121.17977905273438,"x":49.885242462158203,"width":913.37771064138417,"height":36.95997788906152}},{"text":"Learning as a killer app of Myhill-Nerode theorem","targetRectangle":{"y":14.999999825850949,"x":34.9581298828125,"width":781.56000000000006,"height":39.999983787536621}},{"text":"                                             \/\/ Claim: S becomes T-incomplete\\u2028                                             \/\/ and will grow at next iteration…","targetRectangle":{"y":709.044189453125,"x":63.803680419921875,"width":663.55200000000002,"height":56}},{"text":"￼","targetRectangle":{"y":746.216064453125,"x":1004.4480004310608,"width":15.552000000000021,"height":15.799993515014648}},{"text":"\/\/ S is now T-minimal and T-complete","targetRectangle":{"y":463.044189453125,"x":55.803689956665039,"width":424.70400000000006,"height":28}},{"text":"A = DFA with state set S, initial state ε,\\u2028       final states  s’’  such that  Membership(s’’),\\u2028       transitions  δ(s,a) = s’ ≈L0,T s a      ","targetRectangle":{"y":491.044189453125,"x":55.803689956665039,"width":539.75200000000007,"height":84.000000178813934}},{"text":"while  S  NOT  T-complete","targetRectangle":{"y":351.52859497070312,"x":55.803689956665039,"width":288.07200000000012,"height":28}},{"text":"choose  s ∈ S  and  a ∈ Σ  such that  ∄s’∈S  s’ ≈L0,T s a","targetRectangle":{"y":379.52859497070312,"x":73.803689956665039,"width":579.65882397604003,"height":29.171875}},{"text":"S = S ∪ {s a}","targetRectangle":{"y":410.70437622070312,"x":73.803689956665039,"width":137.4895938692093,"height":29.171875}},{"text":"Proof by contradiction:","targetRectangle":{"y":243.09140014648438,"x":742.68504897358719,"width":221.13600000000008,"height":24.199990272521973}},{"text":"Assume:","targetRectangle":{"y":272.09140014648438,"x":707.4718017578125,"width":77.351999999999975,"height":36.199990272521973}},{"text":"w = a1 … an counter-example","targetRectangle":{"y":313.09140014648438,"x":730.80513477325439,"width":254.60800066995614,"height":36.19999046921771}},{"text":"ti = ai+1 … an suffixes of w","targetRectangle":{"y":354.09140048623152,"x":730.80513477325439,"width":222.40800120878225,"height":36.19999046921771}},{"text":"si state reached by A after\\u2028reading prefix a1 … ai of w","targetRectangle":{"y":395.09140082597867,"x":730.80513477325439,"width":232.49600012063979,"height":65.199990808964856}},{"text":"S is (T ∪ {t0,…,tn})-complete\\u2028","targetRectangle":{"y":465.09140150547296,"x":730.80513477325439,"width":258.60228191995611,"height":36.19999046921771}},{"text":"Verify by induction on i that","targetRectangle":{"y":535.09140184522016,"x":707.4718017578125,"width":255.67200000000003,"height":36.199990272521973}},{"text":"w ∈ L0   iff   si ti ∈ L0","targetRectangle":{"y":576.09140184522016,"x":763.33292635798455,"width":179.84025079965602,"height":36.19999046921771}},{"text":"\\u2028Conclude  w ∈ L0  iff  w ∈ L(A)","targetRectangle":{"y":617.09140218496736,"x":707.4718017578125,"width":284.18188317522129,"height":46.19999046921771}},{"text":"if Equivalence(A)","targetRectangle":{"y":597.044189453125,"x":55.803680419921875,"width":201.45600000000002,"height":28}},{"text":"return A","targetRectangle":{"y":625.044189453125,"x":73.803680419921875,"width":100.22399999999999,"height":28}},{"text":"else","targetRectangle":{"y":653.044189453125,"x":55.803680419921875,"width":44.567999999999998,"height":28}},{"text":"let w be the counter-example of equivalence","targetRectangle":{"y":681.044189453125,"x":73.803680419921875,"width":501.16800000000012,"height":28}},{"text":"T = T ∪ {suffixes of w}","targetRectangle":{"y":709.044189453125,"x":73.803680419921875,"width":250.17759375000003,"height":29.171875}},{"text":"                                       \/\/ this surely happens","targetRectangle":{"y":597.044189453125,"x":55.803680419921875,"width":485.15999999999997,"height":28}},{"text":"                                    \/\/ when |S| = index(∼L0)","targetRectangle":{"y":625.044189453125,"x":73.803680419921875,"width":489.61454217290873,"height":29.171875}}],"baseLayer":{"animations":[],"initialState":{"affineTransform":[1,0,0,1,0,0],"masksToBounds":false,"rotation":0,"scale":1,"position":{"pointX":512,"pointY":384},"width":1024,"sublayerTransform":[1,0,0,0,0,1,0,0,0,0,1,0,0,0,0,1],"contentsRect":{"y":0,"x":0,"width":1,"height":1},"opacity":1,"edgeAntialiasingMask":251658240,"height":768,"hidden":false,"anchorPoint":{"pointX":0.5,"pointY":0.5}},"objectID":"0","layers":[{"animations":[],"initialState":{"affineTransform":[1,0,0,1,0,0],"masksToBounds":false,"rotation":0,"scale":1,"position":{"pointX":512,"pointY":384},"width":1024,"sublayerTransform":[1,0,0,0,0,1,0,0,0,0,1,-0.00049229876906403734,0,0,0,1],"contentsRect":{"y":0,"x":0,"width":1,"height":1},"opacity":1,"edgeAntialiasingMask":251658240,"height":768,"hidden":false,"anchorPoint":{"pointX":0.5,"pointY":0.5}},"layers":[{"animations":[],"layers":[],"texturedRectangle":{"isBackgroundTexture":false,"singleTextureOpacity":1,"textureType":0,"textBaseline":0,"textXHeight":0,"isVerticalText":false},"initialState":{"affineTransform":[1,0,0,1,0,0],"masksToBounds":false,"rotation":0,"scale":1,"position":{"pointX":512,"pointY":384},"width":1024,"sublayerTransform":[1,0,0,0,0,1,0,0,0,0,1,0,0,0,0,1],"contentsRect":{"y":0,"x":0,"width":1,"height":1},"opacity":1,"edgeAntialiasingMask":0,"height":768,"hidden":false,"anchorPoint":{"pointX":0.5,"pointY":0.5}},"texture":"F3687BBAE536CFCBCEC285D81B5878FD"}]}]}}]}