{"assets":{"A1E9A08BF971FA1C2635A27A470BD7E5":{"type":"texture","index":5,"assetRequest":{"type":"slide","state":"contents","slide":"none"},"url":{"native":"assets\/44575A89-85C0-4E19-910F-317375075D36.pdf"},"width":414,"height":548},"498E23C82CA78A4BCD7BA88E5243B6FC":{"type":"texture","index":0,"assetRequest":{"type":"slide","state":"contents","slide":"none"},"url":{"native":"assets\/44575A89-85C0-4E19-910F-317375075D36.pdf"},"width":1024,"height":768},"A9768E1C27DFE131DCAFB5EAA61799AE":{"type":"texture","index":7,"assetRequest":{"type":"slide","state":"contents","slide":"none"},"url":{"native":"assets\/44575A89-85C0-4E19-910F-317375075D36.pdf"},"width":286,"height":193},"E97B014347F46CFB91DD5592782613D1":{"type":"texture","index":6,"assetRequest":{"type":"slide","state":"contents","slide":"none"},"url":{"native":"assets\/44575A89-85C0-4E19-910F-317375075D36.pdf"},"width":229,"height":205},"9EF544503F09D0BC843BDE860A597DC7":{"type":"texture","index":1,"assetRequest":{"type":"slide","state":"contents","slide":"none"},"url":{"native":"assets\/44575A89-85C0-4E19-910F-317375075D36.pdf"},"width":1046,"height":101},"19090BB2111391D0F30AB6B79CBD4D0C":{"type":"texture","index":2,"assetRequest":{"type":"slide","state":"contents","slide":"none"},"url":{"native":"assets\/44575A89-85C0-4E19-910F-317375075D36.pdf"},"width":494,"height":43},"0E59EA90EA6026B8E17862D729F830E3":{"type":"texture","index":4,"assetRequest":{"type":"slide","state":"contents","slide":"none"},"url":{"native":"assets\/44575A89-85C0-4E19-910F-317375075D36.pdf"},"width":394,"height":434},"9CB9A25333A08BEB3E47FF8278FBCFB4":{"type":"texture","index":3,"assetRequest":{"type":"slide","state":"contents","slide":"none"},"url":{"native":"assets\/44575A89-85C0-4E19-910F-317375075D36.pdf"},"width":10,"height":15},"7E21B9B7C648BA0DA28F1ACD23FBAC9C":{"type":"texture","index":8,"assetRequest":{"type":"slide","state":"contents","slide":"none"},"url":{"native":"assets\/44575A89-85C0-4E19-910F-317375075D36.pdf"},"width":1024,"height":768},"A0D736DA941AAD50CC8172963FAC4ECB":{"type":"texture","index":9,"assetRequest":{"type":"slide","state":"contents","slide":"none"},"url":{"native":"assets\/44575A89-85C0-4E19-910F-317375075D36.pdf"},"width":1024,"height":768}},"events":[{"effects":[{"beginTime":0,"baseLayer":{"animations":[],"initialState":{"affineTransform":[1,0,0,1,0,0],"masksToBounds":false,"rotation":0,"scale":1,"position":{"pointX":227.9581298828125,"pointY":430.48573303222656},"width":394,"sublayerTransform":[1,0,0,0,0,1,0,0,0,0,1,0,0,0,0,1],"contentsRect":{"y":0,"x":0,"width":1,"height":1},"opacity":1,"edgeAntialiasingMask":251658240,"height":434,"hidden":false,"anchorPoint":{"pointX":0.5,"pointY":0.5}},"objectID":"4158324F-0377-48C0-9A79-DA5F90D78924","layers":[{"animations":[],"initialState":{"affineTransform":[1,0,0,1,0,0],"masksToBounds":false,"rotation":0,"scale":1,"position":{"pointX":481.0418701171875,"pointY":170.51426696777344},"width":394,"sublayerTransform":[1,0,0,0,0,1,0,0,0,0,1,-0.00049229876906403734,0,0,0,1],"contentsRect":{"y":0,"x":0,"width":1,"height":1},"opacity":1,"edgeAntialiasingMask":251658240,"height":434,"hidden":false,"anchorPoint":{"pointX":1.2209184520740799,"pointY":0.39289001605477752}},"layers":[{"animations":[{"additive":false,"timeOffset":0,"beginTime":1e-100,"repeatCount":0,"fillMode":"both","duration":1,"autoreverses":false,"animations":[{"repeatCount":0,"removedOnCompletion":true,"from":{"scalar":0},"timingFunction":"EaseInEaseOut","additive":false,"timeOffset":0,"autoreverses":false,"property":"opacity","fillMode":"both","duration":1,"beginTime":0,"to":{"scalar":1}},{"additive":false,"timeOffset":0,"beginTime":0,"from":{"scalar":false},"repeatCount":0,"fillMode":"forwards","duration":1,"autoreverses":false,"property":"hidden","to":{"scalar":false},"removedOnCompletion":true}],"removedOnCompletion":false}],"layers":[],"texturedRectangle":{"isBackgroundTexture":true,"singleTextureOpacity":1,"textureType":5,"textBaseline":0,"textXHeight":0,"isVerticalText":false},"initialState":{"affineTransform":[1,0,0,1,0,0],"masksToBounds":false,"rotation":0,"scale":1,"position":{"pointX":195.0418701171875,"pointY":144.51426696777344},"width":394,"sublayerTransform":[1,0,0,0,0,1,0,0,0,0,1,0,0,0,0,1],"contentsRect":{"y":0,"x":0,"width":1,"height":1},"opacity":1,"edgeAntialiasingMask":0,"height":434,"hidden":true,"anchorPoint":{"pointX":0.5,"pointY":0.5}},"texture":"0E59EA90EA6026B8E17862D729F830E3"}]}]},"effects":[],"duration":1,"type":"buildIn","attributes":{"direction":0},"name":"apple:dissolve","objectID":"4158324F-0377-48C0-9A79-DA5F90D78924"}],"automaticPlay":true,"hyperlinks":[],"accessibility":[{"text":"￼","targetRectangle":{"y":746.216064453125,"x":1012.2240000367165,"width":7.7759999999999536,"height":15.799993515014648}},{"text":"pasted-image.tiff","targetRectangle":{"y":341.35385131835938,"x":819.44439697265625,"width":171.81414794921875,"height":231.87692260742188}},{"text":"pasted-image.tiff","targetRectangle":{"y":314.81539916992188,"x":285.34494018554688,"width":136.47044372558594,"height":178.36923217773438}},{"text":"&","targetRectangle":{"y":265.10487851362632,"x":194.61681513955844,"width":24.45253030102765,"height":29.061858114329709}},{"text":"data","targetRectangle":{"y":276.31769170954499,"x":146.86120518869384,"width":48.347642160460254,"height":46.241897006324621}},{"text":"pasted-image.tiff","targetRectangle":{"y":341.35385131835938,"x":30.9581298828125,"width":171.81414794921875,"height":231.87692260742188}},{"text":"query","targetRectangle":{"y":251.1492522787421,"x":739.94995149736235,"width":58.705856697391255,"height":32.432139154336937}},{"text":"label","targetRectangle":{"y":265.91715760853026,"x":223.43707714115502,"width":51.799027292949035,"height":39.124673701945653}},{"text":"Passive","targetRectangle":{"y":149.45633846521378,"x":163.86862182617188,"width":83.584000000000003,"height":31.599987030029297}},{"text":"pasted-image.tiff","targetRectangle":{"y":314.81539916992188,"x":580.49761962890625,"width":145.64682006835938,"height":178.36923217773438}},{"text":"answer","targetRectangle":{"y":566.80569596743635,"x":739.71760305961061,"width":70.647020359844532,"height":35.612735404681189}},{"text":"Learning scenarios (supervised)","targetRectangle":{"y":14.999999825850949,"x":34.9581298828125,"width":493.88,"height":39.999983787536621}},{"text":"Active","targetRectangle":{"y":149.45633846521378,"x":741.6153564453125,"width":77.600000000000023,"height":31.599987030029297}}],"baseLayer":{"animations":[],"initialState":{"affineTransform":[1,0,0,1,0,0],"masksToBounds":false,"rotation":0,"scale":1,"position":{"pointX":512,"pointY":384},"width":1024,"sublayerTransform":[1,0,0,0,0,1,0,0,0,0,1,0,0,0,0,1],"contentsRect":{"y":0,"x":0,"width":1,"height":1},"opacity":1,"edgeAntialiasingMask":251658240,"height":768,"hidden":false,"anchorPoint":{"pointX":0.5,"pointY":0.5}},"layers":[{"animations":[],"initialState":{"affineTransform":[1,0,0,1,0,0],"masksToBounds":false,"rotation":0,"scale":1,"position":{"pointX":512,"pointY":384},"width":1024,"sublayerTransform":[1,0,0,0,0,1,0,0,0,0,1,0,0,0,0,1],"contentsRect":{"y":0,"x":0,"width":1,"height":1},"opacity":1,"edgeAntialiasingMask":251658240,"height":768,"hidden":false,"anchorPoint":{"pointX":0.5,"pointY":0.5}},"layers":[{"animations":[],"initialState":{"affineTransform":[1,0,0,1,0,0],"masksToBounds":false,"rotation":0,"scale":1,"position":{"pointX":512,"pointY":384},"width":1024,"sublayerTransform":[1,0,0,0,0,1,0,0,0,0,1,0,0,0,0,1],"contentsRect":{"y":0,"x":0,"width":1,"height":1},"opacity":1,"edgeAntialiasingMask":251658240,"height":768,"hidden":false,"anchorPoint":{"pointX":0.5,"pointY":0.5}},"layers":[{"animations":[],"layers":[],"texturedRectangle":{"isBackgroundTexture":true,"singleTextureOpacity":1,"textureType":1,"textBaseline":0,"textXHeight":0,"isVerticalText":false},"initialState":{"affineTransform":[1,0,0,1,0,0],"masksToBounds":false,"rotation":0,"scale":1,"position":{"pointX":512,"pointY":384},"width":1024,"sublayerTransform":[1,0,0,0,0,1,0,0,0,0,1,0,0,0,0,1],"contentsRect":{"y":0,"x":0,"width":1,"height":1},"opacity":1,"edgeAntialiasingMask":0,"height":768,"hidden":false,"anchorPoint":{"pointX":0.5,"pointY":0.5}},"texture":"498E23C82CA78A4BCD7BA88E5243B6FC"}]}]},{"animations":[],"initialState":{"affineTransform":[1,0,0,1,0,0],"masksToBounds":false,"rotation":0,"scale":1,"position":{"pointX":512,"pointY":384},"width":1024,"sublayerTransform":[1,0,0,0,0,1,0,0,0,0,1,0,0,0,0,1],"contentsRect":{"y":0,"x":0,"width":1,"height":1},"opacity":1,"edgeAntialiasingMask":251658240,"height":768,"hidden":false,"anchorPoint":{"pointX":0.5,"pointY":0.5}},"layers":[{"animations":[],"initialState":{"affineTransform":[1,0,0,1,0,0],"masksToBounds":false,"rotation":0,"scale":1,"position":{"pointX":523,"pointY":50.5},"width":1046,"sublayerTransform":[1,0,0,0,0,1,0,0,0,0,1,0,0,0,0,1],"contentsRect":{"y":0,"x":0,"width":1,"height":1},"opacity":1,"edgeAntialiasingMask":251658240,"height":101,"hidden":false,"anchorPoint":{"pointX":0.5,"pointY":0.5}},"layers":[{"animations":[],"layers":[],"texturedRectangle":{"singleTextureOpacity":1,"textXHeight":0,"shapePath":{"lineWidth":1,"flatness":0.59999999999999998,"lineCapStyle":0,"elements":[{"type":"MoveToPoint","points":[[11,16]]},{"type":"AddLine","points":[[1034.9999771118164,16]]},{"type":"AddLine","points":[[1034.9999771118164,85.584518671035767]]},{"type":"AddLine","points":[[11,85.584518671035767]]},{"type":"CloseSubpath"},{"type":"MoveToPoint","points":[[11,16]]}],"windingRule":0,"lineJoinStyle":0,"miterLimit":10},"isBackgroundTexture":true,"textBaseline":0,"isVerticalText":false,"textureType":5},"initialState":{"affineTransform":[1,0,0,1,0,0],"masksToBounds":false,"rotation":0,"scale":1,"position":{"pointX":512,"pointY":34.5},"width":1046,"sublayerTransform":[1,0,0,0,0,1,0,0,0,0,1,0,0,0,0,1],"contentsRect":{"y":0,"x":0,"width":1,"height":1},"opacity":1,"edgeAntialiasingMask":0,"height":101,"hidden":false,"anchorPoint":{"pointX":0.5,"pointY":0.5}},"texture":"9EF544503F09D0BC843BDE860A597DC7"}]}]},{"animations":[],"initialState":{"affineTransform":[1,0,0,1,0,0],"masksToBounds":false,"rotation":0,"scale":1,"position":{"pointX":512,"pointY":384},"width":1024,"sublayerTransform":[1,0,0,0,0,1,0,0,0,0,1,0,0,0,0,1],"contentsRect":{"y":0,"x":0,"width":1,"height":1},"opacity":1,"edgeAntialiasingMask":251658240,"height":768,"hidden":false,"anchorPoint":{"pointX":0.5,"pointY":0.5}},"layers":[{"animations":[],"initialState":{"affineTransform":[1,0,0,1,0,0],"masksToBounds":false,"rotation":0,"scale":1,"position":{"pointX":277.9581298828125,"pointY":21.499999825850949},"width":494,"sublayerTransform":[1,0,0,0,0,1,0,0,0,0,1,0,0,0,0,1],"contentsRect":{"y":0,"x":0,"width":1,"height":1},"opacity":1,"edgeAntialiasingMask":251658240,"height":43,"hidden":false,"anchorPoint":{"pointX":0.5,"pointY":0.5}},"layers":[{"animations":[],"layers":[],"texturedRectangle":{"singleTextureOpacity":1,"textXHeight":0.36279069767441857,"textBaseline":0.72092933305233542,"isBackgroundTexture":true,"isVerticalText":false,"textColor":[0.1407814621925354,0.29488536715507507,0.40415626764297485,1],"textureType":6},"initialState":{"affineTransform":[1,0,0,1,0,0],"masksToBounds":false,"rotation":0,"scale":1,"position":{"pointX":250.0418701171875,"pointY":34.500000174149051},"width":494,"sublayerTransform":[1,0,0,0,0,1,0,0,0,0,1,0,0,0,0,1],"contentsRect":{"y":0,"x":0,"width":1,"height":1},"opacity":1,"edgeAntialiasingMask":0,"height":43,"hidden":false,"anchorPoint":{"pointX":0.5,"pointY":0.5}},"texture":"19090BB2111391D0F30AB6B79CBD4D0C"}]}]},{"animations":[],"initialState":{"affineTransform":[1,0,0,1,0,0],"masksToBounds":false,"rotation":0,"scale":1,"position":{"pointX":512,"pointY":384},"width":1024,"sublayerTransform":[1,0,0,0,0,1,0,0,0,0,1,0,0,0,0,1],"contentsRect":{"y":0,"x":0,"width":1,"height":1},"opacity":1,"edgeAntialiasingMask":251658240,"height":768,"hidden":false,"anchorPoint":{"pointX":0.5,"pointY":0.5}},"layers":[{"animations":[],"initialState":{"affineTransform":[1,0,0,1,0,0],"masksToBounds":false,"rotation":0,"scale":1,"position":{"pointX":1012.2240000367165,"pointY":749.716064453125},"width":10,"sublayerTransform":[1,0,0,0,0,1,0,0,0,0,1,0,0,0,0,1],"contentsRect":{"y":0,"x":0,"width":1,"height":1},"opacity":1,"edgeAntialiasingMask":251658240,"height":15,"hidden":false,"anchorPoint":{"pointX":0.5,"pointY":0.5}},"layers":[{"animations":[],"layers":[],"texturedRectangle":{"singleTextureOpacity":1,"textXHeight":0.41600000000000004,"textBaseline":0.77440327008565268,"isBackgroundTexture":true,"isVerticalText":false,"textColor":[0.088108323514461517,0.30914700031280518,0.52607470750808716,1],"textureType":6},"initialState":{"affineTransform":[1,0,0,1,0,0],"masksToBounds":false,"rotation":0,"scale":1,"position":{"pointX":8.7759999632835388,"pointY":11.283935546875},"width":10,"sublayerTransform":[1,0,0,0,0,1,0,0,0,0,1,0,0,0,0,1],"contentsRect":{"y":0,"x":0,"width":1,"height":1},"opacity":1,"edgeAntialiasingMask":0,"height":15,"hidden":false,"anchorPoint":{"pointX":0.5,"pointY":0.5}},"texture":"9CB9A25333A08BEB3E47FF8278FBCFB4"}]}]},{"animations":[],"initialState":{"affineTransform":[1,0,0,1,0,0],"masksToBounds":false,"rotation":0,"scale":1,"position":{"pointX":512,"pointY":384},"width":1024,"sublayerTransform":[1,0,0,0,0,1,0,0,0,0,1,0,0,0,0,1],"contentsRect":{"y":0,"x":0,"width":1,"height":1},"opacity":1,"edgeAntialiasingMask":251658240,"height":768,"hidden":false,"anchorPoint":{"pointX":0.5,"pointY":0.5}},"layers":[{"animations":[],"initialState":{"affineTransform":[1,0,0,1,0,0],"masksToBounds":false,"rotation":0,"scale":1,"position":{"pointX":227.9581298828125,"pointY":430.48573303222656},"width":394,"sublayerTransform":[1,0,0,0,0,1,0,0,0,0,1,0,0,0,0,1],"contentsRect":{"y":0,"x":0,"width":1,"height":1},"opacity":1,"edgeAntialiasingMask":251658240,"height":434,"hidden":false,"anchorPoint":{"pointX":0.5,"pointY":0.5}},"objectID":"4158324F-0377-48C0-9A79-DA5F90D78924","layers":[{"animations":[],"layers":[],"texturedRectangle":{"isBackgroundTexture":true,"singleTextureOpacity":1,"textureType":5,"textBaseline":0,"textXHeight":0,"isVerticalText":false},"initialState":{"affineTransform":[1,0,0,1,0,0],"masksToBounds":false,"rotation":0,"scale":1,"position":{"pointX":195.0418701171875,"pointY":144.51426696777344},"width":394,"sublayerTransform":[1,0,0,0,0,1,0,0,0,0,1,0,0,0,0,1],"contentsRect":{"y":0,"x":0,"width":1,"height":1},"opacity":1,"edgeAntialiasingMask":0,"height":434,"hidden":true,"anchorPoint":{"pointX":0.5,"pointY":0.5}},"texture":"0E59EA90EA6026B8E17862D729F830E3"}]}]},{"animations":[],"initialState":{"affineTransform":[1,0,0,1,0,0],"masksToBounds":false,"rotation":0,"scale":1,"position":{"pointX":512,"pointY":384},"width":1024,"sublayerTransform":[1,0,0,0,0,1,0,0,0,0,1,0,0,0,0,1],"contentsRect":{"y":0,"x":0,"width":1,"height":1},"opacity":1,"edgeAntialiasingMask":251658240,"height":768,"hidden":false,"anchorPoint":{"pointX":0.5,"pointY":0.5}},"layers":[{"animations":[],"initialState":{"affineTransform":[1,0,0,1,0,0],"masksToBounds":false,"rotation":0,"scale":1,"position":{"pointX":787.49761962890625,"pointY":460.90110778808594},"width":414,"sublayerTransform":[1,0,0,0,0,1,0,0,0,0,1,0,0,0,0,1],"contentsRect":{"y":0,"x":0,"width":1,"height":1},"opacity":1,"edgeAntialiasingMask":251658240,"height":548,"hidden":false,"anchorPoint":{"pointX":0.5,"pointY":0.5}},"objectID":"93339542-C9DC-4A32-BC06-07130249F101","layers":[{"animations":[],"layers":[],"texturedRectangle":{"isBackgroundTexture":true,"singleTextureOpacity":1,"textureType":5,"textBaseline":0,"textXHeight":0,"isVerticalText":false},"initialState":{"affineTransform":[1,0,0,1,0,0],"masksToBounds":false,"rotation":0,"scale":1,"position":{"pointX":205.50238037109375,"pointY":228.09889221191406},"width":414,"sublayerTransform":[1,0,0,0,0,1,0,0,0,0,1,0,0,0,0,1],"contentsRect":{"y":0,"x":0,"width":1,"height":1},"opacity":1,"edgeAntialiasingMask":0,"height":548,"hidden":true,"anchorPoint":{"pointX":0.5,"pointY":0.5}},"texture":"A1E9A08BF971FA1C2635A27A470BD7E5"}]}]},{"animations":[],"initialState":{"affineTransform":[1,0,0,1,0,0],"masksToBounds":false,"rotation":0,"scale":1,"position":{"pointX":512,"pointY":384},"width":1024,"sublayerTransform":[1,0,0,0,0,1,0,0,0,0,1,0,0,0,0,1],"contentsRect":{"y":0,"x":0,"width":1,"height":1},"opacity":1,"edgeAntialiasingMask":251658240,"height":768,"hidden":false,"anchorPoint":{"pointX":0.5,"pointY":0.5}},"layers":[{"animations":[],"initialState":{"affineTransform":[1,0,0,1,0,0],"masksToBounds":false,"rotation":0,"scale":1,"position":{"pointX":581.64552668636316,"pointY":163.33419804991706},"width":229,"sublayerTransform":[1,0,0,0,0,1,0,0,0,0,1,0,0,0,0,1],"contentsRect":{"y":0,"x":0,"width":1,"height":1},"opacity":1,"edgeAntialiasingMask":251658240,"height":205,"hidden":false,"anchorPoint":{"pointX":0.5,"pointY":0.5}},"objectID":"2DF3BC5A-C2D2-4366-85FB-081BB6863AEF","layers":[{"animations":[],"layers":[],"texturedRectangle":{"singleTextureOpacity":1,"textXHeight":0,"shapePath":{"lineWidth":1,"flatness":0.59999999999999998,"lineCapStyle":0,"elements":[{"type":"MoveToPoint","points":[[123.73170139702643,132.11891361164308]]},{"type":"AddLine","points":[[110.07404610108028,157.2816226265947]]},{"type":"AddLine","points":[[190.54556880144503,144.06912816146004]]},{"type":"AddLine","points":[[157.77756417681962,69.393202665842153]]},{"type":"AddLine","points":[[144.11990888087348,94.555911680793741]]},{"type":"AddLine","points":[[45.603307889697078,41.083697044990288]]},{"type":"AddLine","points":[[25.21510040585008,78.646698975839627]]},{"type":"CloseSubpath"}],"windingRule":0,"lineJoinStyle":0,"miterLimit":10},"isBackgroundTexture":true,"textBaseline":0,"isVerticalText":false,"textureType":5},"initialState":{"affineTransform":[1,0,0,1,0,0],"masksToBounds":false,"rotation":0,"scale":1,"position":{"pointX":110.3544733136369,"pointY":95.665801950082937},"width":229,"sublayerTransform":[1,0,0,0,0,1,0,0,0,0,1,0,0,0,0,1],"contentsRect":{"y":0,"x":0,"width":1,"height":1},"opacity":1,"edgeAntialiasingMask":0,"height":205,"hidden":true,"anchorPoint":{"pointX":0.5,"pointY":0.5}},"texture":"E97B014347F46CFB91DD5592782613D1"}]}]},{"animations":[],"initialState":{"affineTransform":[1,0,0,1,0,0],"masksToBounds":false,"rotation":0,"scale":1,"position":{"pointX":512,"pointY":384},"width":1024,"sublayerTransform":[1,0,0,0,0,1,0,0,0,0,1,0,0,0,0,1],"contentsRect":{"y":0,"x":0,"width":1,"height":1},"opacity":1,"edgeAntialiasingMask":251658240,"height":768,"hidden":false,"anchorPoint":{"pointX":0.5,"pointY":0.5}},"layers":[{"animations":[],"initialState":{"affineTransform":[1,0,0,1,0,0],"masksToBounds":false,"rotation":0,"scale":1,"position":{"pointX":504.2067728475518,"pointY":266.59587092268492},"width":286,"sublayerTransform":[1,0,0,0,0,1,0,0,0,0,1,0,0,0,0,1],"contentsRect":{"y":0,"x":0,"width":1,"height":1},"opacity":1,"edgeAntialiasingMask":251658240,"height":193,"hidden":false,"anchorPoint":{"pointX":0.5,"pointY":0.5}},"objectID":"2875C965-381A-4289-8144-8E25BFEDFEFC","layers":[{"animations":[],"layers":[],"texturedRectangle":{"singleTextureOpacity":1,"textXHeight":0,"shapePath":{"lineWidth":1,"flatness":0.59999999999999998,"lineCapStyle":0,"elements":[{"type":"MoveToPoint","points":[[191.56820468786759,131.9200240978804]]},{"type":"AddLine","points":[[183.9263066987636,159.51159651190096]]},{"type":"AddLine","points":[[259.35719444270455,128.52099874632836]]},{"type":"AddLine","points":[[210.61796137571116,63.13963186135237]]},{"type":"AddLine","points":[[202.97606338660717,90.731204275372932]]},{"type":"AddLine","points":[[29.291559125415233,42.626687289683673]]},{"type":"AddLine","points":[[17.883700426675659,83.815507112191085]]},{"type":"CloseSubpath"}],"windingRule":0,"lineJoinStyle":0,"miterLimit":10},"isBackgroundTexture":true,"textBaseline":0,"isVerticalText":false,"textureType":5},"initialState":{"affineTransform":[1,0,0,1,0,0],"masksToBounds":false,"rotation":0,"scale":1,"position":{"pointX":138.7932271524482,"pointY":90.404129077315076},"width":286,"sublayerTransform":[1,0,0,0,0,1,0,0,0,0,1,0,0,0,0,1],"contentsRect":{"y":0,"x":0,"width":1,"height":1},"opacity":1,"edgeAntialiasingMask":0,"height":193,"hidden":true,"anchorPoint":{"pointX":0.5,"pointY":0.5}},"texture":"A9768E1C27DFE131DCAFB5EAA61799AE"}]}]}]}},{"effects":[{"beginTime":0,"baseLayer":{"animations":[],"initialState":{"affineTransform":[1,0,0,1,0,0],"masksToBounds":false,"rotation":0,"scale":1,"position":{"pointX":787.49761962890625,"pointY":460.90110778808594},"width":414,"sublayerTransform":[1,0,0,0,0,1,0,0,0,0,1,0,0,0,0,1],"contentsRect":{"y":0,"x":0,"width":1,"height":1},"opacity":1,"edgeAntialiasingMask":251658240,"height":548,"hidden":false,"anchorPoint":{"pointX":0.5,"pointY":0.5}},"objectID":"93339542-C9DC-4A32-BC06-07130249F101","layers":[{"animations":[],"initialState":{"affineTransform":[1,0,0,1,0,0],"masksToBounds":false,"rotation":0,"scale":1,"position":{"pointX":-68.49761962890625,"pointY":197.09889221191406},"width":414,"sublayerTransform":[1,0,0,0,0,1,0,0,0,0,1,-0.00049229876906403734,0,0,0,1],"contentsRect":{"y":0,"x":0,"width":1,"height":1},"opacity":1,"edgeAntialiasingMask":251658240,"height":548,"hidden":false,"anchorPoint":{"pointX":-0.16545318750943538,"pointY":0.35966951133560959}},"layers":[{"animations":[{"additive":false,"timeOffset":0,"beginTime":1e-100,"repeatCount":0,"fillMode":"both","duration":1,"autoreverses":false,"animations":[{"repeatCount":0,"removedOnCompletion":true,"from":{"scalar":0},"timingFunction":"EaseInEaseOut","additive":false,"timeOffset":0,"autoreverses":false,"property":"opacity","fillMode":"both","duration":1,"beginTime":0,"to":{"scalar":1}},{"additive":false,"timeOffset":0,"beginTime":0,"from":{"scalar":false},"repeatCount":0,"fillMode":"forwards","duration":1,"autoreverses":false,"property":"hidden","to":{"scalar":false},"removedOnCompletion":true}],"removedOnCompletion":false}],"layers":[],"texturedRectangle":{"isBackgroundTexture":true,"singleTextureOpacity":1,"textureType":5,"textBaseline":0,"textXHeight":0,"isVerticalText":false},"initialState":{"affineTransform":[1,0,0,1,0,0],"masksToBounds":false,"rotation":0,"scale":1,"position":{"pointX":205.50238037109375,"pointY":228.09889221191406},"width":414,"sublayerTransform":[1,0,0,0,0,1,0,0,0,0,1,0,0,0,0,1],"contentsRect":{"y":0,"x":0,"width":1,"height":1},"opacity":1,"edgeAntialiasingMask":0,"height":548,"hidden":true,"anchorPoint":{"pointX":0.5,"pointY":0.5}},"texture":"A1E9A08BF971FA1C2635A27A470BD7E5"}]}]},"effects":[],"duration":1,"type":"buildIn","attributes":{"direction":0},"name":"apple:dissolve","objectID":"93339542-C9DC-4A32-BC06-07130249F101"}],"automaticPlay":false,"hyperlinks":[],"accessibility":[{"text":"￼","targetRectangle":{"y":746.216064453125,"x":1012.2240000367165,"width":7.7759999999999536,"height":15.799993515014648}},{"text":"pasted-image.tiff","targetRectangle":{"y":341.35385131835938,"x":819.44439697265625,"width":171.81414794921875,"height":231.87692260742188}},{"text":"pasted-image.tiff","targetRectangle":{"y":314.81539916992188,"x":285.34494018554688,"width":136.47044372558594,"height":178.36923217773438}},{"text":"&","targetRectangle":{"y":265.10487851362632,"x":194.61681513955844,"width":24.45253030102765,"height":29.061858114329709}},{"text":"data","targetRectangle":{"y":276.31769170954499,"x":146.86120518869384,"width":48.347642160460254,"height":46.241897006324621}},{"text":"pasted-image.tiff","targetRectangle":{"y":341.35385131835938,"x":30.9581298828125,"width":171.81414794921875,"height":231.87692260742188}},{"text":"query","targetRectangle":{"y":251.1492522787421,"x":739.94995149736235,"width":58.705856697391255,"height":32.432139154336937}},{"text":"label","targetRectangle":{"y":265.91715760853026,"x":223.43707714115502,"width":51.799027292949035,"height":39.124673701945653}},{"text":"Passive","targetRectangle":{"y":149.45633846521378,"x":163.86862182617188,"width":83.584000000000003,"height":31.599987030029297}},{"text":"pasted-image.tiff","targetRectangle":{"y":314.81539916992188,"x":580.49761962890625,"width":145.64682006835938,"height":178.36923217773438}},{"text":"answer","targetRectangle":{"y":566.80569596743635,"x":739.71760305961061,"width":70.647020359844532,"height":35.612735404681189}},{"text":"Learning scenarios (supervised)","targetRectangle":{"y":14.999999825850949,"x":34.9581298828125,"width":493.88,"height":39.999983787536621}},{"text":"Active","targetRectangle":{"y":149.45633846521378,"x":741.6153564453125,"width":77.600000000000023,"height":31.599987030029297}}],"baseLayer":{"animations":[],"initialState":{"affineTransform":[1,0,0,1,0,0],"masksToBounds":false,"rotation":0,"scale":1,"position":{"pointX":512,"pointY":384},"width":1024,"sublayerTransform":[1,0,0,0,0,1,0,0,0,0,1,0,0,0,0,1],"contentsRect":{"y":0,"x":0,"width":1,"height":1},"opacity":1,"edgeAntialiasingMask":251658240,"height":768,"hidden":false,"anchorPoint":{"pointX":0.5,"pointY":0.5}},"layers":[{"animations":[],"initialState":{"affineTransform":[1,0,0,1,0,0],"masksToBounds":false,"rotation":0,"scale":1,"position":{"pointX":512,"pointY":384},"width":1024,"sublayerTransform":[1,0,0,0,0,1,0,0,0,0,1,0,0,0,0,1],"contentsRect":{"y":0,"x":0,"width":1,"height":1},"opacity":1,"edgeAntialiasingMask":251658240,"height":768,"hidden":false,"anchorPoint":{"pointX":0.5,"pointY":0.5}},"layers":[{"animations":[],"initialState":{"affineTransform":[1,0,0,1,0,0],"masksToBounds":false,"rotation":0,"scale":1,"position":{"pointX":512,"pointY":384},"width":1024,"sublayerTransform":[1,0,0,0,0,1,0,0,0,0,1,0,0,0,0,1],"contentsRect":{"y":0,"x":0,"width":1,"height":1},"opacity":1,"edgeAntialiasingMask":251658240,"height":768,"hidden":false,"anchorPoint":{"pointX":0.5,"pointY":0.5}},"layers":[{"animations":[],"layers":[],"texturedRectangle":{"isBackgroundTexture":true,"singleTextureOpacity":1,"textureType":1,"textBaseline":0,"textXHeight":0,"isVerticalText":false},"initialState":{"affineTransform":[1,0,0,1,0,0],"masksToBounds":false,"rotation":0,"scale":1,"position":{"pointX":512,"pointY":384},"width":1024,"sublayerTransform":[1,0,0,0,0,1,0,0,0,0,1,0,0,0,0,1],"contentsRect":{"y":0,"x":0,"width":1,"height":1},"opacity":1,"edgeAntialiasingMask":0,"height":768,"hidden":false,"anchorPoint":{"pointX":0.5,"pointY":0.5}},"texture":"498E23C82CA78A4BCD7BA88E5243B6FC"}]}]},{"animations":[],"initialState":{"affineTransform":[1,0,0,1,0,0],"masksToBounds":false,"rotation":0,"scale":1,"position":{"pointX":512,"pointY":384},"width":1024,"sublayerTransform":[1,0,0,0,0,1,0,0,0,0,1,0,0,0,0,1],"contentsRect":{"y":0,"x":0,"width":1,"height":1},"opacity":1,"edgeAntialiasingMask":251658240,"height":768,"hidden":false,"anchorPoint":{"pointX":0.5,"pointY":0.5}},"layers":[{"animations":[],"initialState":{"affineTransform":[1,0,0,1,0,0],"masksToBounds":false,"rotation":0,"scale":1,"position":{"pointX":523,"pointY":50.5},"width":1046,"sublayerTransform":[1,0,0,0,0,1,0,0,0,0,1,0,0,0,0,1],"contentsRect":{"y":0,"x":0,"width":1,"height":1},"opacity":1,"edgeAntialiasingMask":251658240,"height":101,"hidden":false,"anchorPoint":{"pointX":0.5,"pointY":0.5}},"layers":[{"animations":[],"layers":[],"texturedRectangle":{"singleTextureOpacity":1,"textXHeight":0,"shapePath":{"lineWidth":1,"flatness":0.59999999999999998,"lineCapStyle":0,"elements":[{"type":"MoveToPoint","points":[[11,16]]},{"type":"AddLine","points":[[1034.9999771118164,16]]},{"type":"AddLine","points":[[1034.9999771118164,85.584518671035767]]},{"type":"AddLine","points":[[11,85.584518671035767]]},{"type":"CloseSubpath"},{"type":"MoveToPoint","points":[[11,16]]}],"windingRule":0,"lineJoinStyle":0,"miterLimit":10},"isBackgroundTexture":true,"textBaseline":0,"isVerticalText":false,"textureType":5},"initialState":{"affineTransform":[1,0,0,1,0,0],"masksToBounds":false,"rotation":0,"scale":1,"position":{"pointX":512,"pointY":34.5},"width":1046,"sublayerTransform":[1,0,0,0,0,1,0,0,0,0,1,0,0,0,0,1],"contentsRect":{"y":0,"x":0,"width":1,"height":1},"opacity":1,"edgeAntialiasingMask":0,"height":101,"hidden":false,"anchorPoint":{"pointX":0.5,"pointY":0.5}},"texture":"9EF544503F09D0BC843BDE860A597DC7"}]}]},{"animations":[],"initialState":{"affineTransform":[1,0,0,1,0,0],"masksToBounds":false,"rotation":0,"scale":1,"position":{"pointX":512,"pointY":384},"width":1024,"sublayerTransform":[1,0,0,0,0,1,0,0,0,0,1,0,0,0,0,1],"contentsRect":{"y":0,"x":0,"width":1,"height":1},"opacity":1,"edgeAntialiasingMask":251658240,"height":768,"hidden":false,"anchorPoint":{"pointX":0.5,"pointY":0.5}},"layers":[{"animations":[],"initialState":{"affineTransform":[1,0,0,1,0,0],"masksToBounds":false,"rotation":0,"scale":1,"position":{"pointX":277.9581298828125,"pointY":21.499999825850949},"width":494,"sublayerTransform":[1,0,0,0,0,1,0,0,0,0,1,0,0,0,0,1],"contentsRect":{"y":0,"x":0,"width":1,"height":1},"opacity":1,"edgeAntialiasingMask":251658240,"height":43,"hidden":false,"anchorPoint":{"pointX":0.5,"pointY":0.5}},"layers":[{"animations":[],"layers":[],"texturedRectangle":{"singleTextureOpacity":1,"textXHeight":0.36279069767441857,"textBaseline":0.72092933305233542,"isBackgroundTexture":true,"isVerticalText":false,"textColor":[0.1407814621925354,0.29488536715507507,0.40415626764297485,1],"textureType":6},"initialState":{"affineTransform":[1,0,0,1,0,0],"masksToBounds":false,"rotation":0,"scale":1,"position":{"pointX":250.0418701171875,"pointY":34.500000174149051},"width":494,"sublayerTransform":[1,0,0,0,0,1,0,0,0,0,1,0,0,0,0,1],"contentsRect":{"y":0,"x":0,"width":1,"height":1},"opacity":1,"edgeAntialiasingMask":0,"height":43,"hidden":false,"anchorPoint":{"pointX":0.5,"pointY":0.5}},"texture":"19090BB2111391D0F30AB6B79CBD4D0C"}]}]},{"animations":[],"initialState":{"affineTransform":[1,0,0,1,0,0],"masksToBounds":false,"rotation":0,"scale":1,"position":{"pointX":512,"pointY":384},"width":1024,"sublayerTransform":[1,0,0,0,0,1,0,0,0,0,1,0,0,0,0,1],"contentsRect":{"y":0,"x":0,"width":1,"height":1},"opacity":1,"edgeAntialiasingMask":251658240,"height":768,"hidden":false,"anchorPoint":{"pointX":0.5,"pointY":0.5}},"layers":[{"animations":[],"initialState":{"affineTransform":[1,0,0,1,0,0],"masksToBounds":false,"rotation":0,"scale":1,"position":{"pointX":1012.2240000367165,"pointY":749.716064453125},"width":10,"sublayerTransform":[1,0,0,0,0,1,0,0,0,0,1,0,0,0,0,1],"contentsRect":{"y":0,"x":0,"width":1,"height":1},"opacity":1,"edgeAntialiasingMask":251658240,"height":15,"hidden":false,"anchorPoint":{"pointX":0.5,"pointY":0.5}},"layers":[{"animations":[],"layers":[],"texturedRectangle":{"singleTextureOpacity":1,"textXHeight":0.41600000000000004,"textBaseline":0.77440327008565268,"isBackgroundTexture":true,"isVerticalText":false,"textColor":[0.088108323514461517,0.30914700031280518,0.52607470750808716,1],"textureType":6},"initialState":{"affineTransform":[1,0,0,1,0,0],"masksToBounds":false,"rotation":0,"scale":1,"position":{"pointX":8.7759999632835388,"pointY":11.283935546875},"width":10,"sublayerTransform":[1,0,0,0,0,1,0,0,0,0,1,0,0,0,0,1],"contentsRect":{"y":0,"x":0,"width":1,"height":1},"opacity":1,"edgeAntialiasingMask":0,"height":15,"hidden":false,"anchorPoint":{"pointX":0.5,"pointY":0.5}},"texture":"9CB9A25333A08BEB3E47FF8278FBCFB4"}]}]},{"animations":[],"initialState":{"affineTransform":[1,0,0,1,0,0],"masksToBounds":false,"rotation":0,"scale":1,"position":{"pointX":512,"pointY":384},"width":1024,"sublayerTransform":[1,0,0,0,0,1,0,0,0,0,1,0,0,0,0,1],"contentsRect":{"y":0,"x":0,"width":1,"height":1},"opacity":1,"edgeAntialiasingMask":251658240,"height":768,"hidden":false,"anchorPoint":{"pointX":0.5,"pointY":0.5}},"layers":[{"animations":[],"initialState":{"affineTransform":[1,0,0,1,0,0],"masksToBounds":false,"rotation":0,"scale":1,"position":{"pointX":227.9581298828125,"pointY":430.48573303222656},"width":394,"sublayerTransform":[1,0,0,0,0,1,0,0,0,0,1,0,0,0,0,1],"contentsRect":{"y":0,"x":0,"width":1,"height":1},"opacity":1,"edgeAntialiasingMask":251658240,"height":434,"hidden":false,"anchorPoint":{"pointX":0.5,"pointY":0.5}},"objectID":"4158324F-0377-48C0-9A79-DA5F90D78924","layers":[{"animations":[],"layers":[],"texturedRectangle":{"isBackgroundTexture":true,"singleTextureOpacity":1,"textureType":5,"textBaseline":0,"textXHeight":0,"isVerticalText":false},"initialState":{"affineTransform":[1,0,0,1,0,0],"masksToBounds":false,"rotation":0,"scale":1,"position":{"pointX":195.0418701171875,"pointY":144.51426696777344},"width":394,"sublayerTransform":[1,0,0,0,0,1,0,0,0,0,1,0,0,0,0,1],"contentsRect":{"y":0,"x":0,"width":1,"height":1},"opacity":1,"edgeAntialiasingMask":0,"height":434,"hidden":false,"anchorPoint":{"pointX":0.5,"pointY":0.5}},"texture":"0E59EA90EA6026B8E17862D729F830E3"}]}]},{"animations":[],"initialState":{"affineTransform":[1,0,0,1,0,0],"masksToBounds":false,"rotation":0,"scale":1,"position":{"pointX":512,"pointY":384},"width":1024,"sublayerTransform":[1,0,0,0,0,1,0,0,0,0,1,0,0,0,0,1],"contentsRect":{"y":0,"x":0,"width":1,"height":1},"opacity":1,"edgeAntialiasingMask":251658240,"height":768,"hidden":false,"anchorPoint":{"pointX":0.5,"pointY":0.5}},"layers":[{"animations":[],"initialState":{"affineTransform":[1,0,0,1,0,0],"masksToBounds":false,"rotation":0,"scale":1,"position":{"pointX":787.49761962890625,"pointY":460.90110778808594},"width":414,"sublayerTransform":[1,0,0,0,0,1,0,0,0,0,1,0,0,0,0,1],"contentsRect":{"y":0,"x":0,"width":1,"height":1},"opacity":1,"edgeAntialiasingMask":251658240,"height":548,"hidden":false,"anchorPoint":{"pointX":0.5,"pointY":0.5}},"objectID":"93339542-C9DC-4A32-BC06-07130249F101","layers":[{"animations":[],"layers":[],"texturedRectangle":{"isBackgroundTexture":true,"singleTextureOpacity":1,"textureType":5,"textBaseline":0,"textXHeight":0,"isVerticalText":false},"initialState":{"affineTransform":[1,0,0,1,0,0],"masksToBounds":false,"rotation":0,"scale":1,"position":{"pointX":205.50238037109375,"pointY":228.09889221191406},"width":414,"sublayerTransform":[1,0,0,0,0,1,0,0,0,0,1,0,0,0,0,1],"contentsRect":{"y":0,"x":0,"width":1,"height":1},"opacity":1,"edgeAntialiasingMask":0,"height":548,"hidden":true,"anchorPoint":{"pointX":0.5,"pointY":0.5}},"texture":"A1E9A08BF971FA1C2635A27A470BD7E5"}]}]},{"animations":[],"initialState":{"affineTransform":[1,0,0,1,0,0],"masksToBounds":false,"rotation":0,"scale":1,"position":{"pointX":512,"pointY":384},"width":1024,"sublayerTransform":[1,0,0,0,0,1,0,0,0,0,1,0,0,0,0,1],"contentsRect":{"y":0,"x":0,"width":1,"height":1},"opacity":1,"edgeAntialiasingMask":251658240,"height":768,"hidden":false,"anchorPoint":{"pointX":0.5,"pointY":0.5}},"layers":[{"animations":[],"initialState":{"affineTransform":[1,0,0,1,0,0],"masksToBounds":false,"rotation":0,"scale":1,"position":{"pointX":581.64552668636316,"pointY":163.33419804991706},"width":229,"sublayerTransform":[1,0,0,0,0,1,0,0,0,0,1,0,0,0,0,1],"contentsRect":{"y":0,"x":0,"width":1,"height":1},"opacity":1,"edgeAntialiasingMask":251658240,"height":205,"hidden":false,"anchorPoint":{"pointX":0.5,"pointY":0.5}},"objectID":"2DF3BC5A-C2D2-4366-85FB-081BB6863AEF","layers":[{"animations":[],"layers":[],"texturedRectangle":{"singleTextureOpacity":1,"textXHeight":0,"shapePath":{"lineWidth":1,"flatness":0.59999999999999998,"lineCapStyle":0,"elements":[{"type":"MoveToPoint","points":[[123.73170139702643,132.11891361164308]]},{"type":"AddLine","points":[[110.07404610108028,157.2816226265947]]},{"type":"AddLine","points":[[190.54556880144503,144.06912816146004]]},{"type":"AddLine","points":[[157.77756417681962,69.393202665842153]]},{"type":"AddLine","points":[[144.11990888087348,94.555911680793741]]},{"type":"AddLine","points":[[45.603307889697078,41.083697044990288]]},{"type":"AddLine","points":[[25.21510040585008,78.646698975839627]]},{"type":"CloseSubpath"}],"windingRule":0,"lineJoinStyle":0,"miterLimit":10},"isBackgroundTexture":true,"textBaseline":0,"isVerticalText":false,"textureType":5},"initialState":{"affineTransform":[1,0,0,1,0,0],"masksToBounds":false,"rotation":0,"scale":1,"position":{"pointX":110.3544733136369,"pointY":95.665801950082937},"width":229,"sublayerTransform":[1,0,0,0,0,1,0,0,0,0,1,0,0,0,0,1],"contentsRect":{"y":0,"x":0,"width":1,"height":1},"opacity":1,"edgeAntialiasingMask":0,"height":205,"hidden":true,"anchorPoint":{"pointX":0.5,"pointY":0.5}},"texture":"E97B014347F46CFB91DD5592782613D1"}]}]},{"animations":[],"initialState":{"affineTransform":[1,0,0,1,0,0],"masksToBounds":false,"rotation":0,"scale":1,"position":{"pointX":512,"pointY":384},"width":1024,"sublayerTransform":[1,0,0,0,0,1,0,0,0,0,1,0,0,0,0,1],"contentsRect":{"y":0,"x":0,"width":1,"height":1},"opacity":1,"edgeAntialiasingMask":251658240,"height":768,"hidden":false,"anchorPoint":{"pointX":0.5,"pointY":0.5}},"layers":[{"animations":[],"initialState":{"affineTransform":[1,0,0,1,0,0],"masksToBounds":false,"rotation":0,"scale":1,"position":{"pointX":504.2067728475518,"pointY":266.59587092268492},"width":286,"sublayerTransform":[1,0,0,0,0,1,0,0,0,0,1,0,0,0,0,1],"contentsRect":{"y":0,"x":0,"width":1,"height":1},"opacity":1,"edgeAntialiasingMask":251658240,"height":193,"hidden":false,"anchorPoint":{"pointX":0.5,"pointY":0.5}},"objectID":"2875C965-381A-4289-8144-8E25BFEDFEFC","layers":[{"animations":[],"layers":[],"texturedRectangle":{"singleTextureOpacity":1,"textXHeight":0,"shapePath":{"lineWidth":1,"flatness":0.59999999999999998,"lineCapStyle":0,"elements":[{"type":"MoveToPoint","points":[[191.56820468786759,131.9200240978804]]},{"type":"AddLine","points":[[183.9263066987636,159.51159651190096]]},{"type":"AddLine","points":[[259.35719444270455,128.52099874632836]]},{"type":"AddLine","points":[[210.61796137571116,63.13963186135237]]},{"type":"AddLine","points":[[202.97606338660717,90.731204275372932]]},{"type":"AddLine","points":[[29.291559125415233,42.626687289683673]]},{"type":"AddLine","points":[[17.883700426675659,83.815507112191085]]},{"type":"CloseSubpath"}],"windingRule":0,"lineJoinStyle":0,"miterLimit":10},"isBackgroundTexture":true,"textBaseline":0,"isVerticalText":false,"textureType":5},"initialState":{"affineTransform":[1,0,0,1,0,0],"masksToBounds":false,"rotation":0,"scale":1,"position":{"pointX":138.7932271524482,"pointY":90.404129077315076},"width":286,"sublayerTransform":[1,0,0,0,0,1,0,0,0,0,1,0,0,0,0,1],"contentsRect":{"y":0,"x":0,"width":1,"height":1},"opacity":1,"edgeAntialiasingMask":0,"height":193,"hidden":true,"anchorPoint":{"pointX":0.5,"pointY":0.5}},"texture":"A9768E1C27DFE131DCAFB5EAA61799AE"}]}]}]}},{"effects":[{"beginTime":0,"baseLayer":{"animations":[],"initialState":{"affineTransform":[1,0,0,1,0,0],"masksToBounds":false,"rotation":0,"scale":1,"position":{"pointX":581.64552668636316,"pointY":163.33419804991706},"width":229,"sublayerTransform":[1,0,0,0,0,1,0,0,0,0,1,0,0,0,0,1],"contentsRect":{"y":0,"x":0,"width":1,"height":1},"opacity":1,"edgeAntialiasingMask":251658240,"height":205,"hidden":false,"anchorPoint":{"pointX":0.5,"pointY":0.5}},"objectID":"2DF3BC5A-C2D2-4366-85FB-081BB6863AEF","layers":[{"animations":[],"initialState":{"affineTransform":[1,0,0,1,0,0],"masksToBounds":false,"rotation":0,"scale":1,"position":{"pointX":44.854473313636845,"pointY":323.16580195008294},"width":229,"sublayerTransform":[1,0,0,0,0,1,0,0,0,0,1,-0.00049229876906403734,0,0,0,1],"contentsRect":{"y":0,"x":0,"width":1,"height":1},"opacity":1,"edgeAntialiasingMask":251658240,"height":205,"hidden":false,"anchorPoint":{"pointX":0.19587106250496439,"pointY":1.5764185460979656}},"layers":[{"animations":[{"additive":false,"timeOffset":0,"beginTime":1e-100,"repeatCount":0,"fillMode":"both","duration":1,"autoreverses":false,"animations":[{"repeatCount":0,"removedOnCompletion":true,"from":{"scalar":0},"timingFunction":"EaseInEaseOut","additive":false,"timeOffset":0,"autoreverses":false,"property":"opacity","fillMode":"both","duration":1,"beginTime":0,"to":{"scalar":1}},{"additive":false,"timeOffset":0,"beginTime":0,"from":{"scalar":false},"repeatCount":0,"fillMode":"forwards","duration":1,"autoreverses":false,"property":"hidden","to":{"scalar":false},"removedOnCompletion":true}],"removedOnCompletion":false}],"layers":[],"texturedRectangle":{"singleTextureOpacity":1,"textXHeight":0,"shapePath":{"lineWidth":1,"flatness":0.59999999999999998,"lineCapStyle":0,"elements":[{"type":"MoveToPoint","points":[[123.73170139702643,132.11891361164308]]},{"type":"AddLine","points":[[110.07404610108028,157.2816226265947]]},{"type":"AddLine","points":[[190.54556880144503,144.06912816146004]]},{"type":"AddLine","points":[[157.77756417681962,69.393202665842153]]},{"type":"AddLine","points":[[144.11990888087348,94.555911680793741]]},{"type":"AddLine","points":[[45.603307889697078,41.083697044990288]]},{"type":"AddLine","points":[[25.21510040585008,78.646698975839627]]},{"type":"CloseSubpath"}],"windingRule":0,"lineJoinStyle":0,"miterLimit":10},"isBackgroundTexture":true,"textBaseline":0,"isVerticalText":false,"textureType":5},"initialState":{"affineTransform":[1,0,0,1,0,0],"masksToBounds":false,"rotation":0,"scale":1,"position":{"pointX":110.3544733136369,"pointY":95.665801950082937},"width":229,"sublayerTransform":[1,0,0,0,0,1,0,0,0,0,1,0,0,0,0,1],"contentsRect":{"y":0,"x":0,"width":1,"height":1},"opacity":1,"edgeAntialiasingMask":0,"height":205,"hidden":true,"anchorPoint":{"pointX":0.5,"pointY":0.5}},"texture":"E97B014347F46CFB91DD5592782613D1"}]}]},"effects":[{"beginTime":0,"baseLayer":{"animations":[],"initialState":{"affineTransform":[1,0,0,1,0,0],"masksToBounds":false,"rotation":0,"scale":1,"position":{"pointX":504.2067728475518,"pointY":266.59587092268492},"width":286,"sublayerTransform":[1,0,0,0,0,1,0,0,0,0,1,0,0,0,0,1],"contentsRect":{"y":0,"x":0,"width":1,"height":1},"opacity":1,"edgeAntialiasingMask":251658240,"height":193,"hidden":false,"anchorPoint":{"pointX":0.5,"pointY":0.5}},"objectID":"2875C965-381A-4289-8144-8E25BFEDFEFC","layers":[{"animations":[],"initialState":{"affineTransform":[1,0,0,1,0,0],"masksToBounds":false,"rotation":0,"scale":1,"position":{"pointX":150.7932271524482,"pointY":213.90412907731508},"width":286,"sublayerTransform":[1,0,0,0,0,1,0,0,0,0,1,-0.00049229876906403734,0,0,0,1],"contentsRect":{"y":0,"x":0,"width":1,"height":1},"opacity":1,"edgeAntialiasingMask":251658240,"height":193,"hidden":false,"anchorPoint":{"pointX":0.52724904598758116,"pointY":1.1083115496233942}},"layers":[{"animations":[{"additive":false,"timeOffset":0,"beginTime":1e-100,"repeatCount":0,"fillMode":"both","duration":1,"autoreverses":false,"animations":[{"repeatCount":0,"removedOnCompletion":true,"from":{"scalar":0},"timingFunction":"EaseInEaseOut","additive":false,"timeOffset":0,"autoreverses":false,"property":"opacity","fillMode":"both","duration":1,"beginTime":0,"to":{"scalar":1}},{"additive":false,"timeOffset":0,"beginTime":0,"from":{"scalar":false},"repeatCount":0,"fillMode":"forwards","duration":1,"autoreverses":false,"property":"hidden","to":{"scalar":false},"removedOnCompletion":true}],"removedOnCompletion":false}],"layers":[],"texturedRectangle":{"singleTextureOpacity":1,"textXHeight":0,"shapePath":{"lineWidth":1,"flatness":0.59999999999999998,"lineCapStyle":0,"elements":[{"type":"MoveToPoint","points":[[191.56820468786759,131.9200240978804]]},{"type":"AddLine","points":[[183.9263066987636,159.51159651190096]]},{"type":"AddLine","points":[[259.35719444270455,128.52099874632836]]},{"type":"AddLine","points":[[210.61796137571116,63.13963186135237]]},{"type":"AddLine","points":[[202.97606338660717,90.731204275372932]]},{"type":"AddLine","points":[[29.291559125415233,42.626687289683673]]},{"type":"AddLine","points":[[17.883700426675659,83.815507112191085]]},{"type":"CloseSubpath"}],"windingRule":0,"lineJoinStyle":0,"miterLimit":10},"isBackgroundTexture":true,"textBaseline":0,"isVerticalText":false,"textureType":5},"initialState":{"affineTransform":[1,0,0,1,0,0],"masksToBounds":false,"rotation":0,"scale":1,"position":{"pointX":138.7932271524482,"pointY":90.404129077315076},"width":286,"sublayerTransform":[1,0,0,0,0,1,0,0,0,0,1,0,0,0,0,1],"contentsRect":{"y":0,"x":0,"width":1,"height":1},"opacity":1,"edgeAntialiasingMask":0,"height":193,"hidden":true,"anchorPoint":{"pointX":0.5,"pointY":0.5}},"texture":"A9768E1C27DFE131DCAFB5EAA61799AE"}]}]},"effects":[],"duration":1,"type":"buildIn","attributes":{"direction":0},"name":"apple:dissolve character","objectID":"2875C965-381A-4289-8144-8E25BFEDFEFC"}],"duration":1,"type":"buildIn","attributes":{"direction":0},"name":"apple:dissolve character","objectID":"2DF3BC5A-C2D2-4366-85FB-081BB6863AEF"}],"automaticPlay":false,"hyperlinks":[],"accessibility":[{"text":"￼","targetRectangle":{"y":746.216064453125,"x":1012.2240000367165,"width":7.7759999999999536,"height":15.799993515014648}},{"text":"pasted-image.tiff","targetRectangle":{"y":341.35385131835938,"x":819.44439697265625,"width":171.81414794921875,"height":231.87692260742188}},{"text":"pasted-image.tiff","targetRectangle":{"y":314.81539916992188,"x":285.34494018554688,"width":136.47044372558594,"height":178.36923217773438}},{"text":"&","targetRectangle":{"y":265.10487851362632,"x":194.61681513955844,"width":24.45253030102765,"height":29.061858114329709}},{"text":"data","targetRectangle":{"y":276.31769170954499,"x":146.86120518869384,"width":48.347642160460254,"height":46.241897006324621}},{"text":"pasted-image.tiff","targetRectangle":{"y":341.35385131835938,"x":30.9581298828125,"width":171.81414794921875,"height":231.87692260742188}},{"text":"query","targetRectangle":{"y":251.1492522787421,"x":739.94995149736235,"width":58.705856697391255,"height":32.432139154336937}},{"text":"label","targetRectangle":{"y":265.91715760853026,"x":223.43707714115502,"width":51.799027292949035,"height":39.124673701945653}},{"text":"Passive","targetRectangle":{"y":149.45633846521378,"x":163.86862182617188,"width":83.584000000000003,"height":31.599987030029297}},{"text":"pasted-image.tiff","targetRectangle":{"y":314.81539916992188,"x":580.49761962890625,"width":145.64682006835938,"height":178.36923217773438}},{"text":"answer","targetRectangle":{"y":566.80569596743635,"x":739.71760305961061,"width":70.647020359844532,"height":35.612735404681189}},{"text":"Learning scenarios (supervised)","targetRectangle":{"y":14.999999825850949,"x":34.9581298828125,"width":493.88,"height":39.999983787536621}},{"text":"Active","targetRectangle":{"y":149.45633846521378,"x":741.6153564453125,"width":77.600000000000023,"height":31.599987030029297}}],"baseLayer":{"animations":[],"initialState":{"affineTransform":[1,0,0,1,0,0],"masksToBounds":false,"rotation":0,"scale":1,"position":{"pointX":512,"pointY":384},"width":1024,"sublayerTransform":[1,0,0,0,0,1,0,0,0,0,1,0,0,0,0,1],"contentsRect":{"y":0,"x":0,"width":1,"height":1},"opacity":1,"edgeAntialiasingMask":251658240,"height":768,"hidden":false,"anchorPoint":{"pointX":0.5,"pointY":0.5}},"layers":[{"animations":[],"initialState":{"affineTransform":[1,0,0,1,0,0],"masksToBounds":false,"rotation":0,"scale":1,"position":{"pointX":512,"pointY":384},"width":1024,"sublayerTransform":[1,0,0,0,0,1,0,0,0,0,1,0,0,0,0,1],"contentsRect":{"y":0,"x":0,"width":1,"height":1},"opacity":1,"edgeAntialiasingMask":251658240,"height":768,"hidden":false,"anchorPoint":{"pointX":0.5,"pointY":0.5}},"layers":[{"animations":[],"initialState":{"affineTransform":[1,0,0,1,0,0],"masksToBounds":false,"rotation":0,"scale":1,"position":{"pointX":512,"pointY":384},"width":1024,"sublayerTransform":[1,0,0,0,0,1,0,0,0,0,1,0,0,0,0,1],"contentsRect":{"y":0,"x":0,"width":1,"height":1},"opacity":1,"edgeAntialiasingMask":251658240,"height":768,"hidden":false,"anchorPoint":{"pointX":0.5,"pointY":0.5}},"layers":[{"animations":[],"layers":[],"texturedRectangle":{"isBackgroundTexture":true,"singleTextureOpacity":1,"textureType":1,"textBaseline":0,"textXHeight":0,"isVerticalText":false},"initialState":{"affineTransform":[1,0,0,1,0,0],"masksToBounds":false,"rotation":0,"scale":1,"position":{"pointX":512,"pointY":384},"width":1024,"sublayerTransform":[1,0,0,0,0,1,0,0,0,0,1,0,0,0,0,1],"contentsRect":{"y":0,"x":0,"width":1,"height":1},"opacity":1,"edgeAntialiasingMask":0,"height":768,"hidden":false,"anchorPoint":{"pointX":0.5,"pointY":0.5}},"texture":"498E23C82CA78A4BCD7BA88E5243B6FC"}]}]},{"animations":[],"initialState":{"affineTransform":[1,0,0,1,0,0],"masksToBounds":false,"rotation":0,"scale":1,"position":{"pointX":512,"pointY":384},"width":1024,"sublayerTransform":[1,0,0,0,0,1,0,0,0,0,1,0,0,0,0,1],"contentsRect":{"y":0,"x":0,"width":1,"height":1},"opacity":1,"edgeAntialiasingMask":251658240,"height":768,"hidden":false,"anchorPoint":{"pointX":0.5,"pointY":0.5}},"layers":[{"animations":[],"initialState":{"affineTransform":[1,0,0,1,0,0],"masksToBounds":false,"rotation":0,"scale":1,"position":{"pointX":523,"pointY":50.5},"width":1046,"sublayerTransform":[1,0,0,0,0,1,0,0,0,0,1,0,0,0,0,1],"contentsRect":{"y":0,"x":0,"width":1,"height":1},"opacity":1,"edgeAntialiasingMask":251658240,"height":101,"hidden":false,"anchorPoint":{"pointX":0.5,"pointY":0.5}},"layers":[{"animations":[],"layers":[],"texturedRectangle":{"singleTextureOpacity":1,"textXHeight":0,"shapePath":{"lineWidth":1,"flatness":0.59999999999999998,"lineCapStyle":0,"elements":[{"type":"MoveToPoint","points":[[11,16]]},{"type":"AddLine","points":[[1034.9999771118164,16]]},{"type":"AddLine","points":[[1034.9999771118164,85.584518671035767]]},{"type":"AddLine","points":[[11,85.584518671035767]]},{"type":"CloseSubpath"},{"type":"MoveToPoint","points":[[11,16]]}],"windingRule":0,"lineJoinStyle":0,"miterLimit":10},"isBackgroundTexture":true,"textBaseline":0,"isVerticalText":false,"textureType":5},"initialState":{"affineTransform":[1,0,0,1,0,0],"masksToBounds":false,"rotation":0,"scale":1,"position":{"pointX":512,"pointY":34.5},"width":1046,"sublayerTransform":[1,0,0,0,0,1,0,0,0,0,1,0,0,0,0,1],"contentsRect":{"y":0,"x":0,"width":1,"height":1},"opacity":1,"edgeAntialiasingMask":0,"height":101,"hidden":false,"anchorPoint":{"pointX":0.5,"pointY":0.5}},"texture":"9EF544503F09D0BC843BDE860A597DC7"}]}]},{"animations":[],"initialState":{"affineTransform":[1,0,0,1,0,0],"masksToBounds":false,"rotation":0,"scale":1,"position":{"pointX":512,"pointY":384},"width":1024,"sublayerTransform":[1,0,0,0,0,1,0,0,0,0,1,0,0,0,0,1],"contentsRect":{"y":0,"x":0,"width":1,"height":1},"opacity":1,"edgeAntialiasingMask":251658240,"height":768,"hidden":false,"anchorPoint":{"pointX":0.5,"pointY":0.5}},"layers":[{"animations":[],"initialState":{"affineTransform":[1,0,0,1,0,0],"masksToBounds":false,"rotation":0,"scale":1,"position":{"pointX":277.9581298828125,"pointY":21.499999825850949},"width":494,"sublayerTransform":[1,0,0,0,0,1,0,0,0,0,1,0,0,0,0,1],"contentsRect":{"y":0,"x":0,"width":1,"height":1},"opacity":1,"edgeAntialiasingMask":251658240,"height":43,"hidden":false,"anchorPoint":{"pointX":0.5,"pointY":0.5}},"layers":[{"animations":[],"layers":[],"texturedRectangle":{"singleTextureOpacity":1,"textXHeight":0.36279069767441857,"textBaseline":0.72092933305233542,"isBackgroundTexture":true,"isVerticalText":false,"textColor":[0.1407814621925354,0.29488536715507507,0.40415626764297485,1],"textureType":6},"initialState":{"affineTransform":[1,0,0,1,0,0],"masksToBounds":false,"rotation":0,"scale":1,"position":{"pointX":250.0418701171875,"pointY":34.500000174149051},"width":494,"sublayerTransform":[1,0,0,0,0,1,0,0,0,0,1,0,0,0,0,1],"contentsRect":{"y":0,"x":0,"width":1,"height":1},"opacity":1,"edgeAntialiasingMask":0,"height":43,"hidden":false,"anchorPoint":{"pointX":0.5,"pointY":0.5}},"texture":"19090BB2111391D0F30AB6B79CBD4D0C"}]}]},{"animations":[],"initialState":{"affineTransform":[1,0,0,1,0,0],"masksToBounds":false,"rotation":0,"scale":1,"position":{"pointX":512,"pointY":384},"width":1024,"sublayerTransform":[1,0,0,0,0,1,0,0,0,0,1,0,0,0,0,1],"contentsRect":{"y":0,"x":0,"width":1,"height":1},"opacity":1,"edgeAntialiasingMask":251658240,"height":768,"hidden":false,"anchorPoint":{"pointX":0.5,"pointY":0.5}},"layers":[{"animations":[],"initialState":{"affineTransform":[1,0,0,1,0,0],"masksToBounds":false,"rotation":0,"scale":1,"position":{"pointX":1012.2240000367165,"pointY":749.716064453125},"width":10,"sublayerTransform":[1,0,0,0,0,1,0,0,0,0,1,0,0,0,0,1],"contentsRect":{"y":0,"x":0,"width":1,"height":1},"opacity":1,"edgeAntialiasingMask":251658240,"height":15,"hidden":false,"anchorPoint":{"pointX":0.5,"pointY":0.5}},"layers":[{"animations":[],"layers":[],"texturedRectangle":{"singleTextureOpacity":1,"textXHeight":0.41600000000000004,"textBaseline":0.77440327008565268,"isBackgroundTexture":true,"isVerticalText":false,"textColor":[0.088108323514461517,0.30914700031280518,0.52607470750808716,1],"textureType":6},"initialState":{"affineTransform":[1,0,0,1,0,0],"masksToBounds":false,"rotation":0,"scale":1,"position":{"pointX":8.7759999632835388,"pointY":11.283935546875},"width":10,"sublayerTransform":[1,0,0,0,0,1,0,0,0,0,1,0,0,0,0,1],"contentsRect":{"y":0,"x":0,"width":1,"height":1},"opacity":1,"edgeAntialiasingMask":0,"height":15,"hidden":false,"anchorPoint":{"pointX":0.5,"pointY":0.5}},"texture":"9CB9A25333A08BEB3E47FF8278FBCFB4"}]}]},{"animations":[],"initialState":{"affineTransform":[1,0,0,1,0,0],"masksToBounds":false,"rotation":0,"scale":1,"position":{"pointX":512,"pointY":384},"width":1024,"sublayerTransform":[1,0,0,0,0,1,0,0,0,0,1,0,0,0,0,1],"contentsRect":{"y":0,"x":0,"width":1,"height":1},"opacity":1,"edgeAntialiasingMask":251658240,"height":768,"hidden":false,"anchorPoint":{"pointX":0.5,"pointY":0.5}},"layers":[{"animations":[],"initialState":{"affineTransform":[1,0,0,1,0,0],"masksToBounds":false,"rotation":0,"scale":1,"position":{"pointX":227.9581298828125,"pointY":430.48573303222656},"width":394,"sublayerTransform":[1,0,0,0,0,1,0,0,0,0,1,0,0,0,0,1],"contentsRect":{"y":0,"x":0,"width":1,"height":1},"opacity":1,"edgeAntialiasingMask":251658240,"height":434,"hidden":false,"anchorPoint":{"pointX":0.5,"pointY":0.5}},"objectID":"4158324F-0377-48C0-9A79-DA5F90D78924","layers":[{"animations":[],"layers":[],"texturedRectangle":{"isBackgroundTexture":true,"singleTextureOpacity":1,"textureType":5,"textBaseline":0,"textXHeight":0,"isVerticalText":false},"initialState":{"affineTransform":[1,0,0,1,0,0],"masksToBounds":false,"rotation":0,"scale":1,"position":{"pointX":195.0418701171875,"pointY":144.51426696777344},"width":394,"sublayerTransform":[1,0,0,0,0,1,0,0,0,0,1,0,0,0,0,1],"contentsRect":{"y":0,"x":0,"width":1,"height":1},"opacity":1,"edgeAntialiasingMask":0,"height":434,"hidden":false,"anchorPoint":{"pointX":0.5,"pointY":0.5}},"texture":"0E59EA90EA6026B8E17862D729F830E3"}]}]},{"animations":[],"initialState":{"affineTransform":[1,0,0,1,0,0],"masksToBounds":false,"rotation":0,"scale":1,"position":{"pointX":512,"pointY":384},"width":1024,"sublayerTransform":[1,0,0,0,0,1,0,0,0,0,1,0,0,0,0,1],"contentsRect":{"y":0,"x":0,"width":1,"height":1},"opacity":1,"edgeAntialiasingMask":251658240,"height":768,"hidden":false,"anchorPoint":{"pointX":0.5,"pointY":0.5}},"layers":[{"animations":[],"initialState":{"affineTransform":[1,0,0,1,0,0],"masksToBounds":false,"rotation":0,"scale":1,"position":{"pointX":787.49761962890625,"pointY":460.90110778808594},"width":414,"sublayerTransform":[1,0,0,0,0,1,0,0,0,0,1,0,0,0,0,1],"contentsRect":{"y":0,"x":0,"width":1,"height":1},"opacity":1,"edgeAntialiasingMask":251658240,"height":548,"hidden":false,"anchorPoint":{"pointX":0.5,"pointY":0.5}},"objectID":"93339542-C9DC-4A32-BC06-07130249F101","layers":[{"animations":[],"layers":[],"texturedRectangle":{"isBackgroundTexture":true,"singleTextureOpacity":1,"textureType":5,"textBaseline":0,"textXHeight":0,"isVerticalText":false},"initialState":{"affineTransform":[1,0,0,1,0,0],"masksToBounds":false,"rotation":0,"scale":1,"position":{"pointX":205.50238037109375,"pointY":228.09889221191406},"width":414,"sublayerTransform":[1,0,0,0,0,1,0,0,0,0,1,0,0,0,0,1],"contentsRect":{"y":0,"x":0,"width":1,"height":1},"opacity":1,"edgeAntialiasingMask":0,"height":548,"hidden":false,"anchorPoint":{"pointX":0.5,"pointY":0.5}},"texture":"A1E9A08BF971FA1C2635A27A470BD7E5"}]}]},{"animations":[],"initialState":{"affineTransform":[1,0,0,1,0,0],"masksToBounds":false,"rotation":0,"scale":1,"position":{"pointX":512,"pointY":384},"width":1024,"sublayerTransform":[1,0,0,0,0,1,0,0,0,0,1,0,0,0,0,1],"contentsRect":{"y":0,"x":0,"width":1,"height":1},"opacity":1,"edgeAntialiasingMask":251658240,"height":768,"hidden":false,"anchorPoint":{"pointX":0.5,"pointY":0.5}},"layers":[{"animations":[],"initialState":{"affineTransform":[1,0,0,1,0,0],"masksToBounds":false,"rotation":0,"scale":1,"position":{"pointX":581.64552668636316,"pointY":163.33419804991706},"width":229,"sublayerTransform":[1,0,0,0,0,1,0,0,0,0,1,0,0,0,0,1],"contentsRect":{"y":0,"x":0,"width":1,"height":1},"opacity":1,"edgeAntialiasingMask":251658240,"height":205,"hidden":false,"anchorPoint":{"pointX":0.5,"pointY":0.5}},"objectID":"2DF3BC5A-C2D2-4366-85FB-081BB6863AEF","layers":[{"animations":[],"layers":[],"texturedRectangle":{"singleTextureOpacity":1,"textXHeight":0,"shapePath":{"lineWidth":1,"flatness":0.59999999999999998,"lineCapStyle":0,"elements":[{"type":"MoveToPoint","points":[[123.73170139702643,132.11891361164308]]},{"type":"AddLine","points":[[110.07404610108028,157.2816226265947]]},{"type":"AddLine","points":[[190.54556880144503,144.06912816146004]]},{"type":"AddLine","points":[[157.77756417681962,69.393202665842153]]},{"type":"AddLine","points":[[144.11990888087348,94.555911680793741]]},{"type":"AddLine","points":[[45.603307889697078,41.083697044990288]]},{"type":"AddLine","points":[[25.21510040585008,78.646698975839627]]},{"type":"CloseSubpath"}],"windingRule":0,"lineJoinStyle":0,"miterLimit":10},"isBackgroundTexture":true,"textBaseline":0,"isVerticalText":false,"textureType":5},"initialState":{"affineTransform":[1,0,0,1,0,0],"masksToBounds":false,"rotation":0,"scale":1,"position":{"pointX":110.3544733136369,"pointY":95.665801950082937},"width":229,"sublayerTransform":[1,0,0,0,0,1,0,0,0,0,1,0,0,0,0,1],"contentsRect":{"y":0,"x":0,"width":1,"height":1},"opacity":1,"edgeAntialiasingMask":0,"height":205,"hidden":true,"anchorPoint":{"pointX":0.5,"pointY":0.5}},"texture":"E97B014347F46CFB91DD5592782613D1"}]}]},{"animations":[],"initialState":{"affineTransform":[1,0,0,1,0,0],"masksToBounds":false,"rotation":0,"scale":1,"position":{"pointX":512,"pointY":384},"width":1024,"sublayerTransform":[1,0,0,0,0,1,0,0,0,0,1,0,0,0,0,1],"contentsRect":{"y":0,"x":0,"width":1,"height":1},"opacity":1,"edgeAntialiasingMask":251658240,"height":768,"hidden":false,"anchorPoint":{"pointX":0.5,"pointY":0.5}},"layers":[{"animations":[],"initialState":{"affineTransform":[1,0,0,1,0,0],"masksToBounds":false,"rotation":0,"scale":1,"position":{"pointX":504.2067728475518,"pointY":266.59587092268492},"width":286,"sublayerTransform":[1,0,0,0,0,1,0,0,0,0,1,0,0,0,0,1],"contentsRect":{"y":0,"x":0,"width":1,"height":1},"opacity":1,"edgeAntialiasingMask":251658240,"height":193,"hidden":false,"anchorPoint":{"pointX":0.5,"pointY":0.5}},"objectID":"2875C965-381A-4289-8144-8E25BFEDFEFC","layers":[{"animations":[],"layers":[],"texturedRectangle":{"singleTextureOpacity":1,"textXHeight":0,"shapePath":{"lineWidth":1,"flatness":0.59999999999999998,"lineCapStyle":0,"elements":[{"type":"MoveToPoint","points":[[191.56820468786759,131.9200240978804]]},{"type":"AddLine","points":[[183.9263066987636,159.51159651190096]]},{"type":"AddLine","points":[[259.35719444270455,128.52099874632836]]},{"type":"AddLine","points":[[210.61796137571116,63.13963186135237]]},{"type":"AddLine","points":[[202.97606338660717,90.731204275372932]]},{"type":"AddLine","points":[[29.291559125415233,42.626687289683673]]},{"type":"AddLine","points":[[17.883700426675659,83.815507112191085]]},{"type":"CloseSubpath"}],"windingRule":0,"lineJoinStyle":0,"miterLimit":10},"isBackgroundTexture":true,"textBaseline":0,"isVerticalText":false,"textureType":5},"initialState":{"affineTransform":[1,0,0,1,0,0],"masksToBounds":false,"rotation":0,"scale":1,"position":{"pointX":138.7932271524482,"pointY":90.404129077315076},"width":286,"sublayerTransform":[1,0,0,0,0,1,0,0,0,0,1,0,0,0,0,1],"contentsRect":{"y":0,"x":0,"width":1,"height":1},"opacity":1,"edgeAntialiasingMask":0,"height":193,"hidden":true,"anchorPoint":{"pointX":0.5,"pointY":0.5}},"texture":"A9768E1C27DFE131DCAFB5EAA61799AE"}]}]}]}},{"effects":[{"beginTime":0,"baseLayer":{"animations":[],"initialState":{"affineTransform":[1,0,0,1,0,0],"masksToBounds":false,"rotation":0,"scale":1,"position":{"pointX":512,"pointY":384},"width":1024,"sublayerTransform":[1,0,0,0,0,1,0,0,0,0,1,0,0,0,0,1],"contentsRect":{"y":0,"x":0,"width":1,"height":1},"opacity":1,"edgeAntialiasingMask":251658240,"height":768,"hidden":false,"anchorPoint":{"pointX":0.5,"pointY":0.5}},"objectID":"0","layers":[{"animations":[],"initialState":{"affineTransform":[1,0,0,1,0,0],"masksToBounds":false,"rotation":0,"scale":1,"position":{"pointX":512,"pointY":384},"width":1024,"sublayerTransform":[1,0,0,0,0,1,0,0,0,0,1,-0.00049229876906403734,0,0,0,1],"contentsRect":{"y":0,"x":0,"width":1,"height":1},"opacity":1,"edgeAntialiasingMask":251658240,"height":768,"hidden":false,"anchorPoint":{"pointX":0.5,"pointY":0.5}},"layers":[{"animations":[],"layers":[],"texturedRectangle":{"isBackgroundTexture":false,"singleTextureOpacity":1,"textureType":0,"textBaseline":0,"textXHeight":0,"isVerticalText":false},"initialState":{"affineTransform":[1,0,0,1,0,0],"masksToBounds":false,"rotation":0,"scale":1,"position":{"pointX":512,"pointY":384},"width":1024,"sublayerTransform":[1,0,0,0,0,1,0,0,0,0,1,0,0,0,0,1],"contentsRect":{"y":0,"x":0,"width":1,"height":1},"opacity":1,"edgeAntialiasingMask":0,"height":768,"hidden":false,"anchorPoint":{"pointX":0.5,"pointY":0.5}},"texture":"A0D736DA941AAD50CC8172963FAC4ECB"},{"animations":[{"repeatCount":0,"removedOnCompletion":false,"from":{"scalar":1},"timingFunction":"EaseInEaseOut","additive":false,"timeOffset":0,"autoreverses":false,"property":"opacity","fillMode":"both","duration":1.5,"beginTime":0,"to":{"scalar":0}}],"layers":[],"texturedRectangle":{"isBackgroundTexture":false,"singleTextureOpacity":1,"textureType":0,"textBaseline":0,"textXHeight":0,"isVerticalText":false},"initialState":{"affineTransform":[1,0,0,1,0,0],"masksToBounds":false,"rotation":0,"scale":1,"position":{"pointX":512,"pointY":384},"width":1024,"sublayerTransform":[1,0,0,0,0,1,0,0,0,0,1,0,0,0,0,1],"contentsRect":{"y":0,"x":0,"width":1,"height":1},"opacity":1,"edgeAntialiasingMask":0,"height":768,"hidden":false,"anchorPoint":{"pointX":0.5,"pointY":0.5}},"texture":"7E21B9B7C648BA0DA28F1ACD23FBAC9C"}]}]},"effects":[],"duration":1.5,"type":"transition","attributes":{"direction":0},"name":"apple:dissolve","objectID":"0"}],"automaticPlay":false,"hyperlinks":[],"accessibility":[{"text":"￼","targetRectangle":{"y":746.216064453125,"x":1012.2240000367165,"width":7.7759999999999536,"height":15.799993515014648}},{"text":"pasted-image.tiff","targetRectangle":{"y":341.35385131835938,"x":819.44439697265625,"width":171.81414794921875,"height":231.87692260742188}},{"text":"pasted-image.tiff","targetRectangle":{"y":314.81539916992188,"x":285.34494018554688,"width":136.47044372558594,"height":178.36923217773438}},{"text":"more efficient","targetRectangle":{"y":106.25598486157628,"x":499.33423245798411,"width":130.90413653153524,"height":87.046330379506287}},{"text":"&","targetRectangle":{"y":265.10487851362632,"x":194.61681513955844,"width":24.45253030102765,"height":29.061858114329709}},{"text":"data","targetRectangle":{"y":276.31769170954499,"x":146.86120518869384,"width":48.347642160460254,"height":46.241897006324621}},{"text":"pasted-image.tiff","targetRectangle":{"y":341.35385131835938,"x":30.9581298828125,"width":171.81414794921875,"height":231.87692260742188}},{"text":"query","targetRectangle":{"y":251.1492522787421,"x":739.94995149736235,"width":58.705856697391255,"height":32.432139154336937}},{"text":"label","targetRectangle":{"y":265.91715760853026,"x":223.43707714115502,"width":51.799027292949035,"height":39.124673701945653}},{"text":"Passive","targetRectangle":{"y":149.45633846521378,"x":163.86862182617188,"width":83.584000000000003,"height":31.599987030029297}},{"text":"pasted-image.tiff","targetRectangle":{"y":314.81539916992188,"x":580.49761962890625,"width":145.64682006835938,"height":178.36923217773438}},{"text":"sometimes less practical","targetRectangle":{"y":216.82807417052186,"x":384.88085796223362,"width":205.16019726426322,"height":79.77883337223733}},{"text":"answer","targetRectangle":{"y":566.80569596743635,"x":739.71760305961061,"width":70.647020359844532,"height":35.612735404681189}},{"text":"Learning scenarios (supervised)","targetRectangle":{"y":14.999999825850949,"x":34.9581298828125,"width":493.88,"height":39.999983787536621}},{"text":"Active","targetRectangle":{"y":149.45633846521378,"x":741.6153564453125,"width":77.600000000000023,"height":31.599987030029297}}],"baseLayer":{"animations":[],"initialState":{"affineTransform":[1,0,0,1,0,0],"masksToBounds":false,"rotation":0,"scale":1,"position":{"pointX":512,"pointY":384},"width":1024,"sublayerTransform":[1,0,0,0,0,1,0,0,0,0,1,0,0,0,0,1],"contentsRect":{"y":0,"x":0,"width":1,"height":1},"opacity":1,"edgeAntialiasingMask":251658240,"height":768,"hidden":false,"anchorPoint":{"pointX":0.5,"pointY":0.5}},"objectID":"0","layers":[{"animations":[],"initialState":{"affineTransform":[1,0,0,1,0,0],"masksToBounds":false,"rotation":0,"scale":1,"position":{"pointX":512,"pointY":384},"width":1024,"sublayerTransform":[1,0,0,0,0,1,0,0,0,0,1,-0.00049229876906403734,0,0,0,1],"contentsRect":{"y":0,"x":0,"width":1,"height":1},"opacity":1,"edgeAntialiasingMask":251658240,"height":768,"hidden":false,"anchorPoint":{"pointX":0.5,"pointY":0.5}},"layers":[{"animations":[],"layers":[],"texturedRectangle":{"isBackgroundTexture":false,"singleTextureOpacity":1,"textureType":0,"textBaseline":0,"textXHeight":0,"isVerticalText":false},"initialState":{"affineTransform":[1,0,0,1,0,0],"masksToBounds":false,"rotation":0,"scale":1,"position":{"pointX":512,"pointY":384},"width":1024,"sublayerTransform":[1,0,0,0,0,1,0,0,0,0,1,0,0,0,0,1],"contentsRect":{"y":0,"x":0,"width":1,"height":1},"opacity":1,"edgeAntialiasingMask":0,"height":768,"hidden":false,"anchorPoint":{"pointX":0.5,"pointY":0.5}},"texture":"7E21B9B7C648BA0DA28F1ACD23FBAC9C"}]}]}}]}