{"autoplayTransitionDelay":5,"author":"","timestamp":"2022-10-23 23:3:9","loopSlideshow":0,"filename":"Learning automata.key","autoplayBuildDelay":2,"comment":"","title":"Learning automata.key","showMode":0,"creator":"Apple Keynote 11.2","slideList":["28E77CF7-752F-4701-BE0E-05F0E6ED1997","08BEE6FF-29ED-4048-AAB1-0B6F6BBEC0CC","44575A89-85C0-4E19-910F-317375075D36","4D07EC10-E1E9-43C1-A8B3-4490957B16BD","171A03F1-AB2B-41B0-8C32-42AB91E8DFA3","C46AAC73-E986-4C23-91EE-DBBCA907059B","9124F631-18EB-46ED-A741-33C94A8344E7","F95AFE2E-F642-402A-9A82-E414E4052162","D5D3A5FF-6BF0-43ED-9E4D-EE37C9B46F72","9410060F-E4F5-4CA0-848B-266C3DE9CA3F","E4E8A6F6-89AC-4D44-8C78-B18DEDF2EF9D","1D83EC58-4DBC-45A2-B75E-E1CCB2237DC4","AE2019C7-D3D3-49AC-9642-5ED1ADFEEDB3","75811DCC-E1CB-4455-9782-EEE680EE8BA2","3308B664-B488-405B-86EB-7D45751689AD","135C8114-FC7D-4CCD-9360-3C5714076E22","6FC17DB8-A0C3-4C71-920E-CE8623DBFBF9","0577FBA8-AC97-482B-B853-4CCA9289246B","AF21B3E7-520B-4E78-B89B-BF33B7715B59","16E425CA-6F65-4761-AFE3-8747E0039FBA","87ADE204-1F65-46EB-891C-D086E5DB54E7","21768A23-1AF8-4DCB-A2FB-C6675902DD8C"],"soundtrack":{"mode":0,"volume":1},"slideWidth":1024,"slideHeight":768,"slideCount":22,"majorVersion":1,"minorVersion":2,"fonts":["GaramondPremrPro-It","GaramondPremrPro","HelveticaNeue","GaramondPremrPro-Smbd","AmericanTypewriter"]}